title,text,summary,url,published_at,category,source
Игрок «Авангарда» Шарипзянов побил рекорд результативности КХЛ среди защитников,Игрок «Авангарда» Шарипзянов побил рекорд результативности КХЛ среди защитников,Игрок «Авангарда» Шарипзянов побил рекорд результативности КХЛ среди защитников,https://lenta.ru/news/2026/03/17/igrok-avangarda-sharipzyanov-pobil-rekord-rezultativnosti-khl-sredi-zaschitnikov/,2026-03-17 17:27:38,Спорт,parsed_rss:lenta
Бывшего партнера Павла Деревянко по бизнесу приговорили к шести годам колонии,Бывшего партнера Павла Деревянко по бизнесу приговорили к шести годам колонии,Бывшего партнера Павла Деревянко по бизнесу приговорили к шести годам колонии,https://lenta.ru/news/2026/03/17/byvshego-partnera-pavla-derevyanko-po-biznesu-prigovorili-k-shesti-godam-kolonii/,2026-03-17 17:20:50,Силовые структуры,parsed_rss:lenta
Зеленский назвал число находящихся на Ближнем Востоке украинских военных,Зеленский назвал число находящихся на Ближнем Востоке украинских военных,Зеленский назвал число находящихся на Ближнем Востоке украинских военных,https://lenta.ru/news/2026/03/17/zelenskiy-nazval-chislo-nahodyaschihsya-na-blizhnem-vostoke-ukrainskih-voennyh/,2026-03-17 17:19:00,Бывший СССР,parsed_rss:lenta
Энн Хэтэуэй высмеяла слухи о пластике,Энн Хэтэуэй высмеяла слухи о пластике,Энн Хэтэуэй высмеяла слухи о пластике,https://lenta.ru/news/2026/03/17/43-letnyaya-enn-heteuey-vysmeyala-sluhi-o-plastike/,2026-03-17 17:17:52,Ценности,parsed_rss:lenta
Алибасов-младший раскрыл тяжелый диагноз матери,Алибасов-младший раскрыл тяжелый диагноз матери,Алибасов-младший раскрыл тяжелый диагноз матери,https://lenta.ru/news/2026/03/17/alibasov-mladshiy-raskryl-tyazhelyy-diagnoz-materi/,2026-03-17 17:17:24,Культура,parsed_rss:lenta
Пассажир домогался стюардессы в самолете и загнал ее в угол,Пассажир домогался стюардессы в самолете и загнал ее в угол,Пассажир домогался стюардессы в самолете и загнал ее в угол,https://lenta.ru/news/2026/03/17/passazhir-domogalsya-styuardessy-v-samolete-i-zagnal-ee-v-ugol/,2026-03-17 17:16:56,Путешествия,parsed_rss:lenta
Известный российский журналист приехал на Украину и пришел в ужас,Известный российский журналист приехал на Украину и пришел в ужас,Известный российский журналист приехал на Украину и пришел в ужас,https://lenta.ru/news/2026/03/17/izvestnyy-rossiyskiy-zhurnalist-priehal-na-ukrainu-i-prishel-v-uzhas/,2026-03-17 17:12:53,Интернет и СМИ,parsed_rss:lenta
Россия столкнулась с угрозой дефицита запчастей для самолетов,Россия столкнулась с угрозой дефицита запчастей для самолетов,Россия столкнулась с угрозой дефицита запчастей для самолетов,https://lenta.ru/news/2026/03/17/deficit/,2026-03-17 17:09:09,Экономика,parsed_rss:lenta
Трамп счел власти Ирана худшими людьми со времен Гитлера,Трамп счел власти Ирана худшими людьми со времен Гитлера,Трамп счел власти Ирана худшими людьми со времен Гитлера,https://lenta.ru/news/2026/03/17/tramp-schel-vlasti-irana-hudshimi-lyudmi-so-vremen-gitlera/,2026-03-17 17:07:48,Мир,parsed_rss:lenta
Евросоюз создаст военный спутник для сверхнизкой орбиты,Евросоюз создаст военный спутник для сверхнизкой орбиты,Евросоюз создаст военный спутник для сверхнизкой орбиты,https://lenta.ru/news/2026/03/17/evrosoyuz-sozdast-voennyy-sputnik-dlya-sverhnizkoy-orbity/,2026-03-17 17:06:57,Наука и техника,parsed_rss:lenta
Самая красивая девушка России рассказала о неожиданном переживании после конкурсов красоты,Самая красивая девушка России рассказала о неожиданном переживании после конкурсов красоты,Самая красивая девушка России рассказала о неожиданном переживании после конкурсов красоты,https://lenta.ru/news/2026/03/17/samaya-krasivaya-devushka-rossii-rasskazala-o-neozhidannom-perezhivanii-posle-konkursov-krasoty/,2026-03-17 17:06:33,Из жизни,parsed_rss:lenta
Появились подробности о ставшем жертвой собственной матери мальчике в Ногинске,Появились подробности о ставшем жертвой собственной матери мальчике в Ногинске,Появились подробности о ставшем жертвой собственной матери мальчике в Ногинске,https://lenta.ru/news/2026/03/17/poyavilis-podrobnosti-o-stavshem-zhertvoy-sobstvennoy-materi-malchike-v-noginske/,2026-03-17 16:57:00,Силовые структуры,parsed_rss:lenta
Мексика выразила готовность принять матчи сборной Ирана на чемпионате мира по футболу,Мексика выразила готовность принять матчи сборной Ирана на чемпионате мира по футболу,Мексика выразила готовность принять матчи сборной Ирана на чемпионате мира по футболу,https://lenta.ru/news/2026/03/17/meksika-vyrazila-gotovnost-prinyat-matchi-sbornoy-irana-na-chempionate-mira-po-futbolu/,2026-03-17 16:56:00,Спорт,parsed_rss:lenta
Троевластие на Украине раскрыли,Троевластие на Украине раскрыли,Троевластие на Украине раскрыли,https://lenta.ru/news/2026/03/17/troevlastie-na-ukraine-raskryli/,2026-03-17 16:56:00,Бывший СССР,parsed_rss:lenta
Мужчина поехал с женой в Индию на День всех влюбленных и оказался на операционном столе,Мужчина поехал с женой в Индию на День всех влюбленных и оказался на операционном столе,Мужчина поехал с женой в Индию на День всех влюбленных и оказался на операционном столе,https://lenta.ru/news/2026/03/17/muzhchina-poehal-s-zhenoy-v-indiyu-na-den-vseh-vlyublennyh-i-okazalsya-na-operatsionnom-stole/,2026-03-17 16:53:47,Путешествия,parsed_rss:lenta
Трамп припомнил НАТО помощь с Украиной после отказа в просьбе по Ирану,Трамп припомнил НАТО помощь с Украиной после отказа в просьбе по Ирану,Трамп припомнил НАТО помощь с Украиной после отказа в просьбе по Ирану,https://lenta.ru/news/2026/03/17/tramp-pripomnil-nato-pomosch-s-ukrainoy-posle-otkaza-v-prosbe-po-iranu/,2026-03-17 16:51:00,Мир,parsed_rss:lenta
Еще в одном населенном пункте Новосибирской области ввели карантин по опасному заболеванию,Еще в одном населенном пункте Новосибирской области ввели карантин по опасному заболеванию,Еще в одном населенном пункте Новосибирской области ввели карантин по опасному заболеванию,https://lenta.ru/news/2026/03/17/esche-v-odnom-naselennom-punkte-novosibirskoy-oblasti-vveli-karantin-po-opasnomu-zabolevaniyu/,2026-03-17 16:50:00,Россия,parsed_rss:lenta
Сергей Зверев с голым торсом и связанными руками анонсировал съемки в клипе,Сергей Зверев с голым торсом и связанными руками анонсировал съемки в клипе,Сергей Зверев с голым торсом и связанными руками анонсировал съемки в клипе,https://lenta.ru/news/2026/03/17/sergey-zverev-s-golym-torsom-i-svyazannymi-rukami-anonsiroval-s-emki-v-klipe/,2026-03-17 16:46:00,Ценности,parsed_rss:lenta
Опасность БПЛА объявили на первой в России федеральной территории,Опасность БПЛА объявили на первой в России федеральной территории,Опасность БПЛА объявили на первой в России федеральной территории,https://lenta.ru/news/2026/03/17/opasnost-bpla-ob-yavili-na-pervoy-v-rossii-federalnoy-territorii/,2026-03-17 16:46:00,Россия,parsed_rss:lenta
Появилось видео с места происшествия с изрезанным матерью 12-летним школьником,Появилось видео с места происшествия с изрезанным матерью 12-летним школьником,Появилось видео с места происшествия с изрезанным матерью 12-летним школьником,https://lenta.ru/news/2026/03/17/poyavilos-video-s-mesta-proisshestviya-s-izrezannym-materyu-12-letnim-shkolnikom/,2026-03-17 16:44:00,Силовые структуры,parsed_rss:lenta
Популярная блогерша заметила пугающий симптом и попала в больницу,Популярная блогерша заметила пугающий симптом и попала в больницу,Популярная блогерша заметила пугающий симптом и попала в больницу,https://lenta.ru/news/2026/03/17/mickey/,2026-03-17 16:44:00,Интернет и СМИ,parsed_rss:lenta
Центробанк сообщил о росте реального курса рубля,Центробанк сообщил о росте реального курса рубля,Центробанк сообщил о росте реального курса рубля,https://lenta.ru/news/2026/03/17/podros/,2026-03-17 16:42:00,Экономика,parsed_rss:lenta
Иран впервые применил усовершенствованную баллистическую ракету,Иран впервые применил усовершенствованную баллистическую ракету,Иран впервые применил усовершенствованную баллистическую ракету,https://lenta.ru/news/2026/03/17/iran-vpervye-ispolzoval-usovershenstvovannuyu-ballisticheskuyu-raketu/,2026-03-17 16:41:00,Мир,parsed_rss:lenta
Трамп призвал расследовать расходование Украиной переданных Байденом денег,Трамп призвал расследовать расходование Украиной переданных Байденом денег,Трамп призвал расследовать расходование Украиной переданных Байденом денег,https://lenta.ru/news/2026/03/17/tramp-prizval-rassledovat-rashodovanie-ukrainoy-peredannyh-baydenom-deneg/,2026-03-17 16:38:00,Мир,parsed_rss:lenta
Королева Камилла рассказала подруге о промытых Меган Маркл мозгах принца Гарри,Королева Камилла рассказала подруге о промытых Меган Маркл мозгах принца Гарри,Королева Камилла рассказала подруге о промытых Меган Маркл мозгах принца Гарри,https://lenta.ru/news/2026/03/17/koroleva-kamilla-rasskazala-podruge-o-promytyh-megan-markl-mozgah-printsa-garri/,2026-03-17 16:37:45,Из жизни,parsed_rss:lenta
Самыми популярными моделями Jetour в России начали управлять дистанционно,Самыми популярными моделями Jetour в России начали управлять дистанционно,Самыми популярными моделями Jetour в России начали управлять дистанционно,https://lenta.ru/news/2026/03/17/samymi-populyarnymi-modelyami-jetour-v-rossii-teper-mozhno-upravlyat-distantsionno/,2026-03-17 16:35:00,Авто,parsed_rss:lenta
Пассажиров несколько часов держали на холоде из-за угрозы взрыва на борту самолета,Пассажиров несколько часов держали на холоде из-за угрозы взрыва на борту самолета,Пассажиров несколько часов держали на холоде из-за угрозы взрыва на борту самолета,https://lenta.ru/news/2026/03/17/passazhirov-neskolko-chasov-derzhali-na-holode-iz-za-ugrozy-vzryva-na-bortu-samoleta/,2026-03-17 16:31:40,Путешествия,parsed_rss:lenta
Названы защищающие от рака и инфаркта привычки,Названы защищающие от рака и инфаркта привычки,Названы защищающие от рака и инфаркта привычки,https://lenta.ru/news/2026/03/17/nazvany-zaschischayuschie-ot-raka-i-infarkta-privychki/,2026-03-17 16:31:00,Забота о себе,parsed_rss:lenta
Трамп пообещал «что-то» сделать с Кубой,Трамп пообещал «что-то» сделать с Кубой,Трамп пообещал «что-то» сделать с Кубой,https://lenta.ru/news/2026/03/17/tramp-poobeschal-chto-to-sdelat-s-kuboy/,2026-03-17 16:31:00,Мир,parsed_rss:lenta
Вероятность выселения Распутиной из роскошного дома оценили,Вероятность выселения Распутиной из роскошного дома оценили,Вероятность выселения Распутиной из роскошного дома оценили,https://lenta.ru/news/2026/03/17/veroyatnost-vyseleniya-rasputinoy-iz-roskoshnogo-doma-otsenili/,2026-03-17 16:28:00,Экономика,parsed_rss:lenta
Трамп указал на глупую ошибку НАТО в ситуации вокруг Ирана,Трамп указал на глупую ошибку НАТО в ситуации вокруг Ирана,Трамп указал на глупую ошибку НАТО в ситуации вокруг Ирана,https://lenta.ru/news/2026/03/17/nato-iran/,2026-03-17 16:26:00,Мир,parsed_rss:lenta
Угрозы Зеленского отправить депутатов на фронт объяснили,Угрозы Зеленского отправить депутатов на фронт объяснили,Угрозы Зеленского отправить депутатов на фронт объяснили,https://lenta.ru/news/2026/03/17/ugrozy-zelenskogo-otpravit-deputatov-na-front-obyasnili/,2026-03-17 16:23:00,Бывший СССР,parsed_rss:lenta
Российский фигурист Родин будет выступать за Германию,Российский фигурист Родин будет выступать за Германию,Российский фигурист Родин будет выступать за Германию,https://lenta.ru/news/2026/03/17/rossiyskiy-figurist-rodin-budet-vystupat-za-germaniyu/,2026-03-17 16:22:00,Спорт,parsed_rss:lenta
Алла Пугачева вышла на публику в 37-летнем бомбере,Алла Пугачева вышла на публику в 37-летнем бомбере,Алла Пугачева вышла на публику в 37-летнем бомбере,https://lenta.ru/news/2026/03/17/alla-pugacheva-vyshla-na-publiku-v-37-letnem-bombere/,2026-03-17 16:20:00,Ценности,parsed_rss:lenta
Трамп сделал заявление о гибели серого кардинала Ирана,Трамп сделал заявление о гибели серого кардинала Ирана,Трамп сделал заявление о гибели серого кардинала Ирана,https://lenta.ru/news/2026/03/17/tramp-sdelal-zayavlenie-o-gibeli-serogo-kardinala-irana/,2026-03-17 16:18:00,Мир,parsed_rss:lenta
Трамп отреагировал на разочаровавшегося операцией в Иране чиновника,Трамп отреагировал на разочаровавшегося операцией в Иране чиновника,Трамп отреагировал на разочаровавшегося операцией в Иране чиновника,https://lenta.ru/news/2026/03/17/tramp-otreagiroval-na-razocharovavshegosya-operatsiey-v-irane-chinovnika/,2026-03-17 16:17:00,Мир,parsed_rss:lenta
Подозреваемых в похищении сына украинского криминального авторитета объявили в розыск,Подозреваемых в похищении сына украинского криминального авторитета объявили в розыск,Подозреваемых в похищении сына украинского криминального авторитета объявили в розыск,https://lenta.ru/news/2026/03/17/podozrevaemyh-v-pohischenii-syna-ukrainskogo-kriminalnogo-avtoriteta-ob-yavili-v-rozysk/,2026-03-17 16:17:00,Бывший СССР,parsed_rss:lenta
Трамп предсказал скорую отставку Макрона,Трамп предсказал скорую отставку Макрона,Трамп предсказал скорую отставку Макрона,https://lenta.ru/news/2026/03/17/tramp-predskazal-skoruyu-otstavku-makrona/,2026-03-17 16:13:00,Мир,parsed_rss:lenta
В российском аэропорту задержали пассажирку со старинной книгой на немецком языке,В российском аэропорту задержали пассажирку со старинной книгой на немецком языке,В российском аэропорту задержали пассажирку со старинной книгой на немецком языке,https://lenta.ru/news/2026/03/17/v-rossiyskom-aeroportu-zaderzhali-passazhirku-so-starinnoy-knigoy-na-nemetskom-yazyke/,2026-03-17 16:13:00,Путешествия,parsed_rss:lenta
Мать российского бойца добилась аннулирования брака сына после его отправки на СВО,Мать российского бойца добилась аннулирования брака сына после его отправки на СВО,Мать российского бойца добилась аннулирования брака сына после его отправки на СВО,https://lenta.ru/news/2026/03/17/mat-rossiyskogo-boytsa-dobilas-annulirovaniya-braka-syna-posle-ego-otpravki-na-svo/,2026-03-17 16:12:00,Россия,parsed_rss:lenta
«Враг у ворот». Кубу охватили беспорядки. Чего добивается Трамп и может ли он начать новую военную операцию?,«Враг у ворот». Кубу охватили беспорядки. Чего добивается Трамп и может ли он начать новую военную операцию?,«Враг у ворот». Кубу охватили беспорядки. Чего добивается Трамп и может ли он начать новую военную операцию?,https://lenta.ru/news/2026/03/17/cuba/,2026-03-17 16:11:00,Мир,parsed_rss:lenta
Разработчик Bayraktar представил «ответ на Shahed-136» с поддержкой ИИ,Разработчик Bayraktar представил «ответ на Shahed-136» с поддержкой ИИ,Разработчик Bayraktar представил «ответ на Shahed-136» с поддержкой ИИ,https://lenta.ru/news/2026/03/17/razrabotchik-bayraktar-predstavil-otvet-na-shahed-136-s-podderzhkoy-ii/,2026-03-17 16:04:26,Наука и техника,parsed_rss:lenta
Известный российский журналист назвал повод для зависти израильтянам,Известный российский журналист назвал повод для зависти израильтянам,Известный российский журналист назвал повод для зависти израильтянам,https://lenta.ru/news/2026/03/17/izvestnyy-rossiyskiy-zhurnalist-nazval-povod-dlya-zavisiti-izrailtyanam/,2026-03-17 15:56:00,Интернет и СМИ,parsed_rss:lenta
Стало известно об угрозе гибели европейской страны из-за вступления Украины в Евросоюз,Стало известно об угрозе гибели европейской страны из-за вступления Украины в Евросоюз,Стало известно об угрозе гибели европейской страны из-за вступления Украины в Евросоюз,https://lenta.ru/news/2026/03/17/stalo-izvestno-ob-ugroze-gibeli-evropeyskoy-strany-iz-za-vstupleniya-ukrainy-v-evrosoyuz/,2026-03-17 15:56:00,Мир,parsed_rss:lenta
Футболисты Смолов и Мамаев поменяют режим работы своей академии в Дубае,Футболисты Смолов и Мамаев поменяют режим работы своей академии в Дубае,Футболисты Смолов и Мамаев поменяют режим работы своей академии в Дубае,https://lenta.ru/news/2026/03/17/futbolisty-smolov-i-mamaev-pomenyayut-rezhim-raboty-svoey-akademii-v-dubae/,2026-03-17 15:54:00,Спорт,parsed_rss:lenta
Названо время для максимально выгодной покупки автомобиля,Названо время для максимально выгодной покупки автомобиля,Названо время для максимально выгодной покупки автомобиля,https://lenta.ru/news/2026/03/17/nazvano-vremya-dlya-maksimalno-vygodnoy-pokupki-avtomobilya/,2026-03-17 15:49:00,Авто,parsed_rss:lenta
Внучка экс-президента Узбекистана появилась на подиуме,Внучка экс-президента Узбекистана появилась на подиуме,Внучка экс-президента Узбекистана появилась на подиуме,https://lenta.ru/news/2026/03/17/vnuchka-eks-prezidenta-uzbekistana-poyavilas-na-podiume/,2026-03-17 15:46:00,Ценности,parsed_rss:lenta
Израильские туристы подрались с активистами и оскорбили полицию в Бразилии,Израильские туристы подрались с активистами и оскорбили полицию в Бразилии,Израильские туристы подрались с активистами и оскорбили полицию в Бразилии,https://lenta.ru/news/2026/03/17/izrailskie-turisty-podralis-s-aktivistami-i-oskorbili-politsiyu-v-brazilii/,2026-03-17 15:44:00,Путешествия,parsed_rss:lenta
Появилась версия о случившемся с изрезанным 12-летним школьником в Подмосковье,Появилась версия о случившемся с изрезанным 12-летним школьником в Подмосковье,Появилась версия о случившемся с изрезанным 12-летним школьником в Подмосковье,https://lenta.ru/news/2026/03/17/poyavilas-versiya-o-sluchivshemsya-s-izrezannym-12-letnim-shkolnikom-v-podmoskovie/,2026-03-17 15:43:00,Силовые структуры,parsed_rss:lenta
Бывший глава Минстроя российского региона задержан,Бывший глава Минстроя российского региона задержан,Бывший глава Минстроя российского региона задержан,https://lenta.ru/news/2026/03/17/byvshiy-glava-minstroya-rossiyskogo-regiona-zaderzhan/,2026-03-17 15:41:00,Силовые структуры,parsed_rss:lenta
Трамп объявил об уничтожении вооруженных сил Ирана,Трамп объявил об уничтожении вооруженных сил Ирана,Трамп объявил об уничтожении вооруженных сил Ирана,https://lenta.ru/news/2026/03/17/tramp-ob-yavil-ob-unichtozhenii-vooruzhennyh-sil-irana/,2026-03-17 15:40:00,Мир,parsed_rss:lenta
Власти отреагировали на ситуацию с выгнанными на улицу помогающими бойцам СВО россиянками,Власти отреагировали на ситуацию с выгнанными на улицу помогающими бойцам СВО россиянками,Власти отреагировали на ситуацию с выгнанными на улицу помогающими бойцам СВО россиянками,https://lenta.ru/news/2026/03/17/vlasti-otreagirovali-na-situatsiyu-s-vygnannymi-na-ulitsu-pomogayuschimi-boytsam-svo-rossiyankami/,2026-03-17 15:38:00,Россия,parsed_rss:lenta
Курсы доллара и евро выросли,Курсы доллара и евро выросли,Курсы доллара и евро выросли,https://lenta.ru/news/2026/03/17/kursy-dollara-i-evro-vyrosli/,2026-03-17 15:36:00,Экономика,parsed_rss:lenta
Мужчина восемь лет проходил с 12-сантиметровой железной палочкой в горле,Мужчина восемь лет проходил с 12-сантиметровой железной палочкой в горле,Мужчина восемь лет проходил с 12-сантиметровой железной палочкой в горле,https://lenta.ru/news/2026/03/17/muzhchina-vosem-let-prohodil-v-12-santimetrovoy-zheleznoy-palochkoy-v-gorle/,2026-03-17 15:34:55,Из жизни,parsed_rss:lenta
Трамп разгневался на союзников США,Трамп разгневался на союзников США,Трамп разгневался на союзников США,https://lenta.ru/news/2026/03/17/tramp-razgnevalsya-na-soyuznikov-ssha/,2026-03-17 15:34:00,Мир,parsed_rss:lenta
Гинеколог развеяла один распространенный миф о вейпах,Гинеколог развеяла один распространенный миф о вейпах,Гинеколог развеяла один распространенный миф о вейпах,https://lenta.ru/news/2026/03/17/ginekolog-razveyala-odin-rasprostranennyy-mif-o-veypah/,2026-03-17 15:31:00,Забота о себе,parsed_rss:lenta
Представители европейской страны решили не встречать Зеленского у самолета,Представители европейской страны решили не встречать Зеленского у самолета,Представители европейской страны решили не встречать Зеленского у самолета,https://lenta.ru/news/2026/03/17/predstaviteli-evropeyskoy-strany-reshili-ne-vstrechat-zelenskogo-u-samoleta/,2026-03-17 15:29:00,Мир,parsed_rss:lenta
Стали известны подробности о превращенной аферистами в киллера российской студентке,Стали известны подробности о превращенной аферистами в киллера российской студентке,Стали известны подробности о превращенной аферистами в киллера российской студентке,https://lenta.ru/news/2026/03/17/stali-izvestny-podrobnosti-o-prevraschennoy-aferistami-v-killera-rossiyskoy-studentki/,2026-03-17 15:24:00,Силовые структуры,parsed_rss:lenta
Под машиной россиянки с фамилией Зеленская нашли подозрительный предмет,Под машиной россиянки с фамилией Зеленская нашли подозрительный предмет,Под машиной россиянки с фамилией Зеленская нашли подозрительный предмет,https://lenta.ru/news/2026/03/17/pod-mashinoy-rossiyanki-s-familiey-zelenskaya-nashli-podozritelnyy-predmet/,2026-03-17 15:23:00,Силовые структуры,parsed_rss:lenta
Сестра Димы Билана попросила его перестать помогать ей с карьерой на сцене,Сестра Димы Билана попросила его перестать помогать ей с карьерой на сцене,Сестра Димы Билана попросила его перестать помогать ей с карьерой на сцене,https://lenta.ru/news/2026/03/17/sestra-dimy-bilana-poprosila-ego-perestat-pomogat-ey-s-karieroy-na-stsene/,2026-03-17 15:21:00,Культура,parsed_rss:lenta
Малышева назвала самое глупое действие россиян,Малышева назвала самое глупое действие россиян,Малышева назвала самое глупое действие россиян,https://lenta.ru/news/2026/03/17/malysheva-nazvala-samoe-glupoe-deystvie-rossiyan/,2026-03-17 15:21:00,Интернет и СМИ,parsed_rss:lenta
Канадский игрок ХК «Сочи» назвал хоккей самым популярным видом спорта в России,Канадский игрок ХК «Сочи» назвал хоккей самым популярным видом спорта в России,Канадский игрок ХК «Сочи» назвал хоккей самым популярным видом спорта в России,https://lenta.ru/news/2026/03/17/kanadskiy-igrok-hk-sochi-nazval-hokkey-samym-populyarnym-vidom-sporta-v-rossii/,2026-03-17 15:20:00,Спорт,parsed_rss:lenta
Мужчина насмерть забил возлюбленную бутылкой шампанского в номере роскошного отеля,Мужчина насмерть забил возлюбленную бутылкой шампанского в номере роскошного отеля,Мужчина насмерть забил возлюбленную бутылкой шампанского в номере роскошного отеля,https://lenta.ru/news/2026/03/17/muzhchina-nasmert-zabil-vozlyublennuyu-butylkoy-shampanskogo-v-nomere-roskoshnogo-otelya/,2026-03-17 15:19:00,Путешествия,parsed_rss:lenta
В российской квартире найден изрезанный 12-летний школьник,В российской квартире найден изрезанный 12-летний школьник,В российской квартире найден изрезанный 12-летний школьник,https://lenta.ru/news/2026/03/17/v-rossiyskoy-kvartire-nayden-izrezannyy-12-letniy-shkolnik/,2026-03-17 15:19:00,Силовые структуры,parsed_rss:lenta
Анна Семенович сравнила себя с Пьеро после похода к косметологу,Анна Семенович сравнила себя с Пьеро после похода к косметологу,Анна Семенович сравнила себя с Пьеро после похода к косметологу,https://lenta.ru/news/2026/03/17/anna-semenovich-sravnila-sebya-s-piero-posle-pohoda-k-kosmetologu/,2026-03-17 15:18:00,Ценности,parsed_rss:lenta
В России заметили риски резкого роста дефицита бюджета,В России заметили риски резкого роста дефицита бюджета,В России заметили риски резкого роста дефицита бюджета,https://lenta.ru/news/2026/03/17/mnogovato/,2026-03-17 15:18:00,Экономика,parsed_rss:lenta
На Украине высказались о возможности Киева помочь Израилю,На Украине высказались о возможности Киева помочь Израилю,На Украине высказались о возможности Киева помочь Израилю,https://lenta.ru/news/2026/03/17/na-ukraine-vyskazalis-o-vozmozhnosti-kieva-pomoch-izrailyu/,2026-03-17 15:18:00,Бывший СССР,parsed_rss:lenta
Франция ответила на просьбу Трампа,Франция ответила на просьбу Трампа,Франция ответила на просьбу Трампа,https://lenta.ru/news/2026/03/17/frantsiya-otvetila-na-prosbu-trampa/,2026-03-17 15:17:00,Мир,parsed_rss:lenta
У сына задержанного российского министра нашли элитное имущество,У сына задержанного российского министра нашли элитное имущество,У сына задержанного российского министра нашли элитное имущество,https://lenta.ru/news/2026/03/17/u-syna-zaderzhannogo-rossiyskogo-ministra-nashli-elitnoe-imuschestvo/,2026-03-17 15:11:00,Силовые структуры,parsed_rss:lenta
Названо условие подорожания доллара до 100 рублей,Названо условие подорожания доллара до 100 рублей,Названо условие подорожания доллара до 100 рублей,https://lenta.ru/news/2026/03/17/nazvano-uslovie-podorozhaniya-dollara-do-100-rubley/,2026-03-17 15:11:00,Экономика,parsed_rss:lenta
В России объяснили согласие Украины восстановить нефтепровод «Дружба»,В России объяснили согласие Украины восстановить нефтепровод «Дружба»,В России объяснили согласие Украины восстановить нефтепровод «Дружба»,https://lenta.ru/news/2026/03/17/v-rossii-ob-yasnili-soglasie-ukrainy-vosstanovit-nefteprovod-druzhba/,2026-03-17 15:11:00,Россия,parsed_rss:lenta
Раскрыты подробности о личности сообщницы расправившегося с москвичкой футболиста,Раскрыты подробности о личности сообщницы расправившегося с москвичкой футболиста,Раскрыты подробности о личности сообщницы расправившегося с москвичкой футболиста,https://lenta.ru/news/2026/03/17/raskryty-podrobnosti-o-lichnosti-soobschnitsy-raspravivshegosya-s-moskvichkoy-futbolista/,2026-03-17 15:10:00,Силовые структуры,parsed_rss:lenta
Иран предупредил США о последствиях отправки кораблей в Ормузский пролив,Иран предупредил США о последствиях отправки кораблей в Ормузский пролив,Иран предупредил США о последствиях отправки кораблей в Ормузский пролив,https://lenta.ru/news/2026/03/17/iran-predupredil-ssha-o-posledstviyah-otpravki-korabley-v-ormuzskiy-proliv/,2026-03-17 15:09:00,Мир,parsed_rss:lenta
В России пациент после пересадки рук впервые смог самостоятельно держать предметы,В России пациент после пересадки рук впервые смог самостоятельно держать предметы,В России пациент после пересадки рук впервые смог самостоятельно держать предметы,https://lenta.ru/news/2026/03/17/v-rossii-patsient-posle-peresadki-ruk-vpervye-smog-samostoyatelno-derzhat-predmety/,2026-03-17 15:08:00,Наука и техника,parsed_rss:lenta
Названы неожиданные последствия устроенных США беспорядков,Названы неожиданные последствия устроенных США беспорядков,Названы неожиданные последствия устроенных США беспорядков,https://lenta.ru/news/2026/03/17/nazvany-neozhidannye-posledstviya-ustroennyh-ssha-besporyadkov/,2026-03-17 15:06:00,Мир,parsed_rss:lenta
Россиянам назвали причины срочной продажи квартиры,Россиянам назвали причины срочной продажи квартиры,Россиянам назвали причины срочной продажи квартиры,https://lenta.ru/news/2026/03/17/kv-srochno/,2026-03-17 15:04:00,Экономика,parsed_rss:lenta
Нетаньяху обратился к народу Ирана,Нетаньяху обратился к народу Ирана,Нетаньяху обратился к народу Ирана,https://lenta.ru/news/2026/03/17/netanyahu-obratilsya-k-narodu-irana/,2026-03-17 15:02:04,Мир,parsed_rss:lenta
Наследник последнего иранского шаха обрадовался гибели серого кардинала Ирана,Наследник последнего иранского шаха обрадовался гибели серого кардинала Ирана,Наследник последнего иранского шаха обрадовался гибели серого кардинала Ирана,https://lenta.ru/news/2026/03/17/naslednik-poslednego-iranskogo-shaha-obradovalsya-gibeli-serogo-kardinala-irana/,2026-03-17 15:02:00,Мир,parsed_rss:lenta
Зимбабве захотела ввести безвизовый режим для россиян,Зимбабве захотела ввести безвизовый режим для россиян,Зимбабве захотела ввести безвизовый режим для россиян,https://lenta.ru/news/2026/03/17/zimbabve-zahotela-vvesti-bezvizovyy-rezhim-dlya-rossiyan/,2026-03-17 15:00:00,Путешествия,parsed_rss:lenta
Стало известно о смерти трех человек на российском нефтеперерабатывающем заводе,Стало известно о смерти трех человек на российском нефтеперерабатывающем заводе,Стало известно о смерти трех человек на российском нефтеперерабатывающем заводе,https://lenta.ru/news/2026/03/17/stalo-izvestno-o-smerti-treh-chelovek-na-rossiyskom-neftepererabatyvayuschem-zavode/,2026-03-17 15:00:00,Россия,parsed_rss:lenta
В сети распространились фейковые данные о сифилисе в армии,В сети распространились фейковые данные о сифилисе в армии,В сети распространились фейковые данные о сифилисе в армии,https://lenta.ru/news/2026/03/17/v-seti-rasprostranilis-feykovye-dannye-o-sifilise-v-armii/,2026-03-17 14:59:00,Интернет и СМИ,parsed_rss:lenta
Украинский военнослужащий подорвал гранату у дома в Запорожье,Украинский военнослужащий подорвал гранату у дома в Запорожье,Украинский военнослужащий подорвал гранату у дома в Запорожье,https://lenta.ru/news/2026/03/17/ukrainskiy-voennosluzhaschiy-podorval-granatu-u-doma-v-zaporozhie/,2026-03-17 14:59:00,Бывший СССР,parsed_rss:lenta
Глыбы льда рухнули на двух младенцев в России,Глыбы льда рухнули на двух младенцев в России,Глыбы льда рухнули на двух младенцев в России,https://lenta.ru/news/2026/03/17/glyby-lda-ruhnuli-na-dvuh-mladentsev-v-rossii/,2026-03-17 14:56:00,Экономика,parsed_rss:lenta
Риски начала следующей военной операции Трампом оценили,Риски начала следующей военной операции Трампом оценили,Риски начала следующей военной операции Трампом оценили,https://lenta.ru/news/2026/03/17/riski-nachala-sleduyuschey-voennoy-operatsii-trampom-otsenili/,2026-03-17 14:53:00,Мир,parsed_rss:lenta
Бывшая невеста Лепса вышла на подиум в свадебном платье,Бывшая невеста Лепса вышла на подиум в свадебном платье,Бывшая невеста Лепса вышла на подиум в свадебном платье,https://lenta.ru/news/2026/03/17/byvshaya-nevesta-lepsa-vyshla-na-podium-v-svadebnom-platie/,2026-03-17 14:52:00,Ценности,parsed_rss:lenta
Зеленский встретился с Карлом III,Зеленский встретился с Карлом III,Зеленский встретился с Карлом III,https://lenta.ru/news/2026/03/17/zelenskiy-vstretilsya-s-charlzom-iii/,2026-03-17 14:51:00,Бывший СССР,parsed_rss:lenta
«Мисс Россия» раскрыла отношение преподавателей медвуза к ее участию в конкурсах красоты,«Мисс Россия» раскрыла отношение преподавателей медвуза к ее участию в конкурсах красоты,«Мисс Россия» раскрыла отношение преподавателей медвуза к ее участию в конкурсах красоты,https://lenta.ru/news/2026/03/17/miss-rossiya-raskryla-otnoshenie-prepodavateley-medvuza-ee-uchastiyu-v-konkursah-krasoty/,2026-03-17 14:49:00,Из жизни,parsed_rss:lenta
США не учли эффективность беспилотников Ирана,США не учли эффективность беспилотников Ирана,США не учли эффективность беспилотников Ирана,https://lenta.ru/news/2026/03/17/ssha-ne-uchli-effektivnost-bespilotnikov-irana/,2026-03-17 14:49:00,Мир,parsed_rss:lenta
Профицит внешней торговли России резко упал,Профицит внешней торговли России резко упал,Профицит внешней торговли России резко упал,https://lenta.ru/news/2026/03/17/profitsit-vneshney-torgovli-rossii-rezko-upal/,2026-03-17 14:48:00,Экономика,parsed_rss:lenta
Крупный чиновник США разочаровался из-за операции в Иране и уволился,Крупный чиновник США разочаровался из-за операции в Иране и уволился,Крупный чиновник США разочаровался из-за операции в Иране и уволился,https://lenta.ru/news/2026/03/17/krupnyy-chinovnik-v-ssha-uvolilsya-iz-za-nesoglasiya-s-resheniem-trampa/,2026-03-17 14:48:00,Мир,parsed_rss:lenta
Промес признался в нападении на двоюродного брата,Промес признался в нападении на двоюродного брата,Промес признался в нападении на двоюродного брата,https://lenta.ru/news/2026/03/17/promes-priznalsya-v-napadenii-na-dvoyurodnogo-brata/,2026-03-17 14:44:00,Спорт,parsed_rss:lenta
Конфликт в Иране приведет к глобальному голоду,Конфликт в Иране приведет к глобальному голоду,Конфликт в Иране приведет к глобальному голоду,https://lenta.ru/news/2026/03/17/konflikt-v-irane-privedet-k-globalnomu-golodu/,2026-03-17 14:39:00,Экономика,parsed_rss:lenta
В России высказались о последствиях конфликта в Иране для Европы,В России высказались о последствиях конфликта в Иране для Европы,В России высказались о последствиях конфликта в Иране для Европы,https://lenta.ru/news/2026/03/17/v-rossii-vyskazalis-o-posledstviyah-konflikta-v-irane-dlya-evropy/,2026-03-17 14:37:00,Россия,parsed_rss:lenta
Машу Распутину захотели оставить без дома,Машу Распутину захотели оставить без дома,Машу Распутину захотели оставить без дома,https://lenta.ru/news/2026/03/17/rasputina/,2026-03-17 14:36:00,Экономика,parsed_rss:lenta
Курс доллара превысил 83 рубля,Курс доллара превысил 83 рубля,Курс доллара превысил 83 рубля,https://lenta.ru/news/2026/03/17/rubl-zhivi/,2026-03-17 14:35:12,Экономика,parsed_rss:lenta
На Украине подтвердили приближение армии России к Славянску,На Украине подтвердили приближение армии России к Славянску,На Украине подтвердили приближение армии России к Славянску,https://lenta.ru/news/2026/03/17/na-ukraine-podtverdili-priblizhenie-armii-rossii-k-slavyansku/,2026-03-17 14:35:00,Бывший СССР,parsed_rss:lenta
Турция выступила с предложением по Украине,Турция выступила с предложением по Украине,Турция выступила с предложением по Украине,https://lenta.ru/news/2026/03/17/turtsiya-vystupila-s-predlozheniem-po-ukraine/,2026-03-17 14:34:00,Мир,parsed_rss:lenta
Врач сделала предостережение любителям чистить зубы раз в день,Врач сделала предостережение любителям чистить зубы раз в день,Врач сделала предостережение любителям чистить зубы раз в день,https://lenta.ru/news/2026/03/17/vrach-sdelala-predosterezhenie-lyubitelyam-chistit-zuby-raz-v-den/,2026-03-17 14:34:00,Забота о себе,parsed_rss:lenta
Афера с объектом культурного наследия и другие махинации стоили чиновнице свободы,Афера с объектом культурного наследия и другие махинации стоили чиновнице свободы,Афера с объектом культурного наследия и другие махинации стоили чиновнице свободы,https://lenta.ru/news/2026/03/17/afera-s-ob-ektom-kulturnogo-naslediya-i-drugie-mahinatsii-stoili-chinovnitse-svobody/,2026-03-17 14:32:00,Силовые структуры,parsed_rss:lenta
В Сибири объяснили изъятие животных у местных жителей. Тема убоя скота дошла до Кремля,В Сибири объяснили изъятие животных у местных жителей. Тема убоя скота дошла до Кремля,В Сибири объяснили изъятие животных у местных жителей. Тема убоя скота дошла до Кремля,https://lenta.ru/news/2026/03/17/v-kremle-vpervye-prokommentirovali-situatsiyu-s-uboem-skota-v-novosibirskoy-oblasti-1/,2026-03-17 14:32:00,Россия,parsed_rss:lenta
Пьющим в поездах россиянам пригрозили наказанием,Пьющим в поездах россиянам пригрозили наказанием,Пьющим в поездах россиянам пригрозили наказанием,https://lenta.ru/news/2026/03/17/pyuschim-v-poezdah-rossiyanam-prigrozili-nakazaniem/,2026-03-17 14:29:00,Путешествия,parsed_rss:lenta
В Госдуме назвали причастных к распаду СССР,В Госдуме назвали причастных к распаду СССР,В Госдуме назвали причастных к распаду СССР,https://lenta.ru/news/2026/03/17/v-gosdume-nazvali-prichastnyh-k-raspadu-sssr/,2026-03-17 14:29:00,Россия,parsed_rss:lenta
Семикратный чемпион «Формулы-1» подогрел слухи о романе с Ким Кардашьян,Семикратный чемпион «Формулы-1» подогрел слухи о романе с Ким Кардашьян,Семикратный чемпион «Формулы-1» подогрел слухи о романе с Ким Кардашьян,https://lenta.ru/news/2026/03/17/semikratnyy-chempion-formuly-1-podogrel-sluhi-o-romane-s-kim-kardashyan/,2026-03-17 14:26:00,Ценности,parsed_rss:lenta
Ушедший из России автогигант зарегистрировал в России популярный товарный знак,Ушедший из России автогигант зарегистрировал в России популярный товарный знак,Ушедший из России автогигант зарегистрировал в России популярный товарный знак,https://lenta.ru/news/2026/03/17/ushedshiy-iz-rossii-avtogigant-zaregistriroval-v-rossii-populyarnyy-tovarnyy-znak/,2026-03-17 14:21:00,Авто,parsed_rss:lenta
Россиянин с двумя ножами прыгал по крышам машин и угрожал расправой,Россиянин с двумя ножами прыгал по крышам машин и угрожал расправой,Россиянин с двумя ножами прыгал по крышам машин и угрожал расправой,https://lenta.ru/news/2026/03/17/rossiyanin-s-dvumya-nozhami-prygal-po-krysham-mashin-i-ugrozhal-raspravoy/,2026-03-17 14:18:00,Силовые структуры,parsed_rss:lenta
Раскрыта причина отказа Европы помогать Трампу в Ормузском проливе,Раскрыта причина отказа Европы помогать Трампу в Ормузском проливе,Раскрыта причина отказа Европы помогать Трампу в Ормузском проливе,https://lenta.ru/news/2026/03/17/raskryta-prichina-otkaza-evropy-pomogat-trampu-v-ormuzskom-prolive/,2026-03-17 14:16:00,Мир,parsed_rss:lenta
Доктор Мясников рассказал о вызывавшей у него смех привычке американцев и французов,Доктор Мясников рассказал о вызывавшей у него смех привычке американцев и французов,Доктор Мясников рассказал о вызывавшей у него смех привычке американцев и французов,https://lenta.ru/news/2026/03/17/smeyalsya/,2026-03-17 14:16:00,Интернет и СМИ,parsed_rss:lenta
Аферисты превратили российскую студентку в киллера,Аферисты превратили российскую студентку в киллера,Аферисты превратили российскую студентку в киллера,https://lenta.ru/news/2026/03/17/aferisty-prevratili-rossiyskuyu-studentku-v-killera/,2026-03-17 14:13:00,Силовые структуры,parsed_rss:lenta
США объяснили побег американских кораблей из Персидского залива,США объяснили побег американских кораблей из Персидского залива,США объяснили побег американских кораблей из Персидского залива,https://lenta.ru/news/2026/03/17/ssha-ob-yasnili-pobeg-amerikanskih-korabley-iz-persidskogo-zaliva/,2026-03-17 14:07:00,Наука и техника,parsed_rss:lenta
Москалькова отреагировала на указ Путина о помиловании 23 россиянок,Москалькова отреагировала на указ Путина о помиловании 23 россиянок,Москалькова отреагировала на указ Путина о помиловании 23 россиянок,https://lenta.ru/news/2026/03/17/moskalkova-otreagirovala-na-ukaz-putina-o-pomilovanii-23-rossiyanok/,2026-03-17 14:07:00,Россия,parsed_rss:lenta
В Японии назвали условие возобновления импорта российской нефти,В Японии назвали условие возобновления импорта российской нефти,В Японии назвали условие возобновления импорта российской нефти,https://lenta.ru/news/2026/03/17/v-yaponii-nazvali-uslovie-vozobnovleniya-importa-rossiyskoy-nefti/,2026-03-17 14:06:00,Экономика,parsed_rss:lenta
"Пассажиры отказались переплачивать за багаж, нагло вломились в самолет и попались","Пассажиры отказались переплачивать за багаж, нагло вломились в самолет и попались","Пассажиры отказались переплачивать за багаж, нагло вломились в самолет и попались",https://lenta.ru/news/2026/03/17/passazhiry-otkazalis-pereplachivat-za-bagazh-naglo-vlomilis-v-samolet-i-popalis/,2026-03-17 14:05:29,Путешествия,parsed_rss:lenta
Канада ответила на призыв Трампа,Канада ответила на призыв Трампа,Канада ответила на призыв Трампа,https://lenta.ru/news/2026/03/17/kanada-otvetila-na-prizyv-trampa/,2026-03-17 14:04:00,Мир,parsed_rss:lenta
В Чистой Слободе пожаловались на грязный воздух,В Чистой Слободе пожаловались на грязный воздух,В Чистой Слободе пожаловались на грязный воздух,https://lenta.ru/news/2026/03/17/v-chistoy-slobode-pozhalovalis-na-gryaznyy-vozduh/,2026-03-17 13:55:00,Экономика,parsed_rss:lenta
Самолет часами кружил над российским городом и сел в другом месте для дозаправки,Самолет часами кружил над российским городом и сел в другом месте для дозаправки,Самолет часами кружил над российским городом и сел в другом месте для дозаправки,https://lenta.ru/news/2026/03/17/samolet-chasami-kruzhil-nad-rossiyskim-gorodom-i-sel-v-drugom-meste-dlya-dozapravki/,2026-03-17 13:54:00,Путешествия,parsed_rss:lenta
Обманувшие на 106 миллионов рублей юную россиянку аферисты попали на видео,Обманувшие на 106 миллионов рублей юную россиянку аферисты попали на видео,Обманувшие на 106 миллионов рублей юную россиянку аферисты попали на видео,https://lenta.ru/news/2026/03/17/obmanuvshie-na-106-millionov-rubley-yunuyu-rossiyanku-aferisty-popali-na-video/,2026-03-17 13:54:00,Силовые структуры,parsed_rss:lenta
Жену Безоса и мать Кардашьян на афтепати «Оскара» описали фразой «Безос может перепутать»,Жену Безоса и мать Кардашьян на афтепати «Оскара» описали фразой «Безос может перепутать»,Жену Безоса и мать Кардашьян на афтепати «Оскара» описали фразой «Безос может перепутать»,https://lenta.ru/news/2026/03/17/zhenu-bezosa-i-mat-kardashyan-na-aftepati-oskara-opisali-frazoy-on-mozhet-pereputat/,2026-03-17 13:50:00,Ценности,parsed_rss:lenta
Страна НАТО выступила с предложением к США и Ирану,Страна НАТО выступила с предложением к США и Ирану,Страна НАТО выступила с предложением к США и Ирану,https://lenta.ru/news/2026/03/17/strana-nato-vystupila-s-predlozheniem-k-ssha-i-iranu/,2026-03-17 13:50:00,Мир,parsed_rss:lenta
Коростелев рассказал о провокации со стороны лыжника из Прибалтики на Олимпиаде,Коростелев рассказал о провокации со стороны лыжника из Прибалтики на Олимпиаде,Коростелев рассказал о провокации со стороны лыжника из Прибалтики на Олимпиаде,https://lenta.ru/news/2026/03/17/korostelev-rasskazal-o-provokatsii-so-storony-lyzhnika-iz-pribaltiki-na-olimpiade/,2026-03-17 13:45:00,Спорт,parsed_rss:lenta
На Западе возмутились заявлением Каллас о России,На Западе возмутились заявлением Каллас о России,На Западе возмутились заявлением Каллас о России,https://lenta.ru/news/2026/03/17/na-zapade-vozmutilis-zayavleniyu-kallas-o-rossii/,2026-03-17 13:44:00,Мир,parsed_rss:lenta
Женщина купила дорогого щенка и вырастила из него лисицу,Женщина купила дорогого щенка и вырастила из него лисицу,Женщина купила дорогого щенка и вырастила из него лисицу,https://lenta.ru/news/2026/03/17/zhenschina-kupila-dorogogo-schenka-i-vyrastila-iz-nego-lisitsu/,2026-03-17 13:42:00,Из жизни,parsed_rss:lenta
Российскому ЦБ упростят выход из процедуры по предотвращению банкротства банков,Российскому ЦБ упростят выход из процедуры по предотвращению банкротства банков,Российскому ЦБ упростят выход из процедуры по предотвращению банкротства банков,https://lenta.ru/news/2026/03/17/gosduma-podderzhala-uproschenie-vyhoda-tsb-iz-protsedury-bankrotstva-bankov/,2026-03-17 13:42:00,Экономика,parsed_rss:lenta
В Крыму отреагировали на позицию Турции по полуострову,В Крыму отреагировали на позицию Турции по полуострову,В Крыму отреагировали на позицию Турции по полуострову,https://lenta.ru/news/2026/03/17/v-krymu-otreagirovali-na-pozitsiyu-turtsii-po-poluostrovu/,2026-03-17 13:41:00,Россия,parsed_rss:lenta
В России ответили на вопрос об участии страны в гонке вооружений,В России ответили на вопрос об участии страны в гонке вооружений,В России ответили на вопрос об участии страны в гонке вооружений,https://lenta.ru/news/2026/03/17/v-rossii-otvetili-na-vopros-ob-uchastii-strany-v-gonke-vooruzheniy/,2026-03-17 13:39:00,Россия,parsed_rss:lenta
Венгрия анонсировала начало борьбы с Евросоюзом,Венгрия анонсировала начало борьбы с Евросоюзом,Венгрия анонсировала начало борьбы с Евросоюзом,https://lenta.ru/news/2026/03/17/vengriya-anonsirovala-nachalo-borby-s-evrosoyuzom/,2026-03-17 13:39:00,Мир,parsed_rss:lenta
В российском регионе решили заплатить лишившимся скота фермерам,В российском регионе решили заплатить лишившимся скота фермерам,В российском регионе решили заплатить лишившимся скота фермерам,https://lenta.ru/news/2026/03/17/poluchite/,2026-03-17 13:38:00,Экономика,parsed_rss:lenta
Ощутимое землетрясение в российском регионе попало на видео,Ощутимое землетрясение в российском регионе попало на видео,Ощутимое землетрясение в российском регионе попало на видео,https://lenta.ru/news/2026/03/17/oschutimoe-zemletryasenie-v-rossiyskom-regione-popalo-na-video/,2026-03-17 13:38:00,Экономика,parsed_rss:lenta
Раскрыт возможный срок для расправившегося над москвичкой футболиста,Раскрыт возможный срок для расправившегося над москвичкой футболиста,Раскрыт возможный срок для расправившегося над москвичкой футболиста,https://lenta.ru/news/2026/03/17/raskryt-vozmozhnyy-srok-dlya-raspravivshegosya-nad-moskvichkoy-futbolista/,2026-03-17 13:37:00,Силовые структуры,parsed_rss:lenta
Россиян предупредили об опасностях во враждебных странах Европы,Россиян предупредили об опасностях во враждебных странах Европы,Россиян предупредили об опасностях во враждебных странах Европы,https://lenta.ru/news/2026/03/17/rossiyan-predupredili-ob-opasnostyah-vo-vrazhdebnyh-stranah-evropy/,2026-03-17 13:35:00,Путешествия,parsed_rss:lenta
Любовь к острой пище связали с развитием одного вида рака,Любовь к острой пище связали с развитием одного вида рака,Любовь к острой пище связали с развитием одного вида рака,https://lenta.ru/news/2026/03/17/lyubov-k-ostroy-pische-svyazali-s-razvitiem-odnogo-vida-raka/,2026-03-17 13:34:21,Забота о себе,parsed_rss:lenta
В Госдуме отреагировали на срыв выступления российской балерины в Риме,В Госдуме отреагировали на срыв выступления российской балерины в Риме,В Госдуме отреагировали на срыв выступления российской балерины в Риме,https://lenta.ru/news/2026/03/17/v-gosdume-otreagirovali-na-sryv-vystupleniya-rossiyskoy-baleriny-v-rime/,2026-03-17 13:32:00,Культура,parsed_rss:lenta
Россиян предупредили об опасном половодье,Россиян предупредили об опасном половодье,Россиян предупредили об опасном половодье,https://lenta.ru/news/2026/03/17/rossiyan-predupredili-ob-opasnom-polovodie/,2026-03-17 13:29:00,Экономика,parsed_rss:lenta
Назван срок полного исчезновения сугробов в Москве,Назван срок полного исчезновения сугробов в Москве,Назван срок полного исчезновения сугробов в Москве,https://lenta.ru/news/2026/03/17/sneg-msk/,2026-03-17 13:22:59,Экономика,parsed_rss:lenta
Блогер Лерчек закрыла долг перед налоговой,Блогер Лерчек закрыла долг перед налоговой,Блогер Лерчек закрыла долг перед налоговой,https://lenta.ru/news/2026/03/17/bloger-lerchek-zakryla-dolg-pered-nalogovoy/,2026-03-17 13:21:00,Силовые структуры,parsed_rss:lenta
Телеведущая согласилась сняться в популярном шоу и испытала мучения,Телеведущая согласилась сняться в популярном шоу и испытала мучения,Телеведущая согласилась сняться в популярном шоу и испытала мучения,https://lenta.ru/news/2026/03/17/dancing-on-ice/,2026-03-17 13:19:00,Интернет и СМИ,parsed_rss:lenta
Раскрыты детали атаки Израиля на серого кардинала Ирана,Раскрыты детали атаки Израиля на серого кардинала Ирана,Раскрыты детали атаки Израиля на серого кардинала Ирана,https://lenta.ru/news/2026/03/17/raskryty-detali-ataki-izrailya-na-serogo-kardinala-irana/,2026-03-17 13:16:00,Мир,parsed_rss:lenta
Россияне сняли со счетов максимальную сумму,Россияне сняли со счетов максимальную сумму,Россияне сняли со счетов максимальную сумму,https://lenta.ru/news/2026/03/17/rossiyane-snyali-so-schetov-maksimalnuyu-summu/,2026-03-17 13:15:00,Экономика,parsed_rss:lenta
Одна из самых красивых девушек России назвала себя гадким утенком,Одна из самых красивых девушек России назвала себя гадким утенком,Одна из самых красивых девушек России назвала себя гадким утенком,https://lenta.ru/news/2026/03/17/odna-iz-samyh-krasivyh-devushek-rossii-nazvala-sebya-gadkim-utenkom/,2026-03-17 13:14:00,Из жизни,parsed_rss:lenta
Раскрыта цена дорогостоящего наряда Ольги Серябкиной,Раскрыта цена дорогостоящего наряда Ольги Серябкиной,Раскрыта цена дорогостоящего наряда Ольги Серябкиной,https://lenta.ru/news/2026/03/17/raskryta-tsena-dorogostoyaschego-naryada-olgi-seryabkinoy/,2026-03-17 13:13:00,Ценности,parsed_rss:lenta
Раскрыта неожиданная деталь о сером кардинале Ирана,Раскрыта неожиданная деталь о сером кардинале Ирана,Раскрыта неожиданная деталь о сером кардинале Ирана,https://lenta.ru/news/2026/03/17/stala-izvestna-neozhidannaya/,2026-03-17 13:13:00,Мир,parsed_rss:lenta
В России высказались о возобновлении контактов с Telegram,В России высказались о возобновлении контактов с Telegram,В России высказались о возобновлении контактов с Telegram,https://lenta.ru/news/2026/03/17/v-rossii-vyskazalis-o-vozobnovlenii-kontaktov-s-telegram/,2026-03-17 13:13:00,Россия,parsed_rss:lenta
Появились подробности обнаружения тела третьего пропавшего под Москвой ребенка,Появились подробности обнаружения тела третьего пропавшего под Москвой ребенка,Появились подробности обнаружения тела третьего пропавшего под Москвой ребенка,https://lenta.ru/news/2026/03/17/poyavilis-podrobnosti-obnaruzheniya-tela-tretiego-propavshego-pod-moskvoy-rebenka/,2026-03-17 13:10:00,Россия,parsed_rss:lenta
В США назвали Су-57 угрозой для F-35,В США назвали Су-57 угрозой для F-35,В США назвали Су-57 угрозой для F-35,https://lenta.ru/news/2026/03/17/v-ssha-nazvali-su-57-ugrozoy-dlya-f-35/,2026-03-17 13:07:00,Наука и техника,parsed_rss:lenta
Продажи слабоалкогольных напитков в России рухнули,Продажи слабоалкогольных напитков в России рухнули,Продажи слабоалкогольных напитков в России рухнули,https://lenta.ru/news/2026/03/17/upalo/,2026-03-17 13:07:00,Экономика,parsed_rss:lenta
ФИФА отказалась идти на уступки сборной Ирана,ФИФА отказалась идти на уступки сборной Ирана,ФИФА отказалась идти на уступки сборной Ирана,https://lenta.ru/news/2026/03/17/fifa-otkazalas-idti-na-ustupki-sbornoy-irana/,2026-03-17 13:06:00,Спорт,parsed_rss:lenta
В мессенджерах выявили новую мошенническую схему при покупке автомобиля,В мессенджерах выявили новую мошенническую схему при покупке автомобиля,В мессенджерах выявили новую мошенническую схему при покупке автомобиля,https://lenta.ru/news/2026/03/17/v-messendzherah-vyyavili-novuyu-moshennicheskuyu-shemu-pri-pokupke-avtomobilya/,2026-03-17 13:05:00,Авто,parsed_rss:lenta
В России объявили в розыск главного редактора «Медузы»,В России объявили в розыск главного редактора «Медузы»,В России объявили в розыск главного редактора «Медузы»,https://lenta.ru/news/2026/03/17/v-rossii-ob-yavili-v-rozysk-glavnogo-redaktora-meduzy/,2026-03-17 13:02:00,Силовые структуры,parsed_rss:lenta
Влюбленные получили удар током при столкновении воздушного шара с линией электропередачи,Влюбленные получили удар током при столкновении воздушного шара с линией электропередачи,Влюбленные получили удар током при столкновении воздушного шара с линией электропередачи,https://lenta.ru/news/2026/03/17/vlyublennye-poluchili-udar-tokom-pri-stolknovenii-vozdushnogo-shara-s-liniey-elektroperedach/,2026-03-17 13:02:00,Путешествия,parsed_rss:lenta
МВД объявило в розыск выселенного из служебной квартиры бывшего российского депутата,МВД объявило в розыск выселенного из служебной квартиры бывшего российского депутата,МВД объявило в розыск выселенного из служебной квартиры бывшего российского депутата,https://lenta.ru/news/2026/03/17/mvd-ob-yavilo-v-rozysk-vyselennogo-iz-sluzhebnoy-kvartiry-byvshego-rossiyskogo-deputata/,2026-03-17 13:01:00,Силовые структуры,parsed_rss:lenta
Акции Сбера ускорили рост после слов Грефа о прибыли и дивидендах,Акции Сбера ускорили рост после слов Грефа о прибыли и дивидендах,Акции Сбера ускорили рост после слов Грефа о прибыли и дивидендах,https://lenta.ru/news/2026/03/17/aktsii-sbera-uskorili-rost-posle-slov-grefa-o-pribyli-i-dividendah/,2026-03-17 13:00:00,Экономика,parsed_rss:lenta
В Новосибирской области назвали причины приведшей к убою скота неизлечимой болезни,В Новосибирской области назвали причины приведшей к убою скота неизлечимой болезни,В Новосибирской области назвали причины приведшей к убою скота неизлечимой болезни,https://lenta.ru/news/2026/03/17/v-novosibirskoy-oblasti-nazvali-prichiny-privedshey-k-uboyu-neizlechimoy-bolezni/,2026-03-17 13:00:00,Россия,parsed_rss:lenta
Зеленский пообещал отремонтировать «Дружбу» за полтора месяца,Зеленский пообещал отремонтировать «Дружбу» за полтора месяца,Зеленский пообещал отремонтировать «Дружбу» за полтора месяца,https://lenta.ru/news/2026/03/17/zelenskiy-poobeschal-otremontirovat-druzhbu-za-poltora-mesyatsa/,2026-03-17 12:53:12,Бывший СССР,parsed_rss:lenta
Израиль обратился к новому верховному лидеру Ирана с требованием,Израиль обратился к новому верховному лидеру Ирана с требованием,Израиль обратился к новому верховному лидеру Ирана с требованием,https://lenta.ru/news/2026/03/17/izrail-obratilsya-k-novomu-verhovnomu-lideru-irana-s-trebovaniem/,2026-03-17 12:51:58,Мир,parsed_rss:lenta
В Белом доме сделали заявление о проходе танкеров через Ормузский пролив,В Белом доме сделали заявление о проходе танкеров через Ормузский пролив,В Белом доме сделали заявление о проходе танкеров через Ормузский пролив,https://lenta.ru/news/2026/03/17/v-belom-dome-sdelali-zayavlenie-o-prohode-tankerov-cherez-ormuzskiy-proliv/,2026-03-17 12:51:00,Мир,parsed_rss:lenta
Сверхтяжелую ракету США выкатят на стартовый стол для пуска с экипажем к Луне,Сверхтяжелую ракету США выкатят на стартовый стол для пуска с экипажем к Луне,Сверхтяжелую ракету США выкатят на стартовый стол для пуска с экипажем к Луне,https://lenta.ru/news/2026/03/17/sverhtyazheluyu-raketu-ssha-vykatyat-na-startovyy-stol-dlya-puska-s-ekipazhem-k-lune/,2026-03-17 12:50:04,Наука и техника,parsed_rss:lenta
Стала известна судьба пропавшей в Москве звезды «Бумера»,Стала известна судьба пропавшей в Москве звезды «Бумера»,Стала известна судьба пропавшей в Москве звезды «Бумера»,https://lenta.ru/news/2026/03/17/stala-izvestna-sudba-propavshey-v-moskve-zvezdy-bumera/,2026-03-17 12:49:30,Культура,parsed_rss:lenta
Части россиян пообещали аномальное тепло,Части россиян пообещали аномальное тепло,Части россиян пообещали аномальное тепло,https://lenta.ru/news/2026/03/17/chasti-rossiyan-poobeschali-anomalnoe-teplo/,2026-03-17 12:48:40,Экономика,parsed_rss:lenta
Пластический хирург показала изуродованную косметологом женщину и впечатлила россиян,Пластический хирург показала изуродованную косметологом женщину и впечатлила россиян,Пластический хирург показала изуродованную косметологом женщину и впечатлила россиян,https://lenta.ru/news/2026/03/17/kosmetolog-izurodovala-rossiyanku/,2026-03-17 12:47:00,Ценности,parsed_rss:lenta
Тело третьего пропавшего под Москвой ребенка нашли в реке спустя 10 дней поисков,Тело третьего пропавшего под Москвой ребенка нашли в реке спустя 10 дней поисков,Тело третьего пропавшего под Москвой ребенка нашли в реке спустя 10 дней поисков,https://lenta.ru/news/2026/03/17/telo-tretiego-propavshego-pod-moskvoy-rebenka-nashli-v-reke-spustya-10-dney-poiskov/,2026-03-17 12:45:00,Россия,parsed_rss:lenta
Еще одна российская авиакомпания запустила распродажу со скидками до 50 процентов,Еще одна российская авиакомпания запустила распродажу со скидками до 50 процентов,Еще одна российская авиакомпания запустила распродажу со скидками до 50 процентов,https://lenta.ru/news/2026/03/17/esche-odna-rossiyskaya-aviakompaniya-zapustila-rasprodazhu-so-skidkami-do-50-protsentov/,2026-03-17 12:44:40,Путешествия,parsed_rss:lenta
Россиянин компенсирует моральный вред изнасилованной 15-летней школьнице,Россиянин компенсирует моральный вред изнасилованной 15-летней школьнице,Россиянин компенсирует моральный вред изнасилованной 15-летней школьнице,https://lenta.ru/news/2026/03/17/rossiyanin-kompensiruet-moralnyy-vred-iznasilovannoy-15-letney-shkolnitse/,2026-03-17 12:44:32,Силовые структуры,parsed_rss:lenta
Лолита выступила против искусственного интеллекта в музыке,Лолита выступила против искусственного интеллекта в музыке,Лолита выступила против искусственного интеллекта в музыке,https://lenta.ru/news/2026/03/17/lolita-vystupila-protiv-iskusstvennogo-intellekta-v-muzyke/,2026-03-17 12:43:23,Культура,parsed_rss:lenta
Жителей Санкт-Петербурга предупредили об отключении мобильного интернета,Жителей Санкт-Петербурга предупредили об отключении мобильного интернета,Жителей Санкт-Петербурга предупредили об отключении мобильного интернета,https://lenta.ru/news/2026/03/17/zhiteley-sankt-peterburga-predupredili-ob-otklyuchenii-mobilnogo-interneta/,2026-03-17 12:43:00,Интернет и СМИ,parsed_rss:lenta
Из Банка Англии уволят почти 500 человек,Из Банка Англии уволят почти 500 человек,Из Банка Англии уволят почти 500 человек,https://lenta.ru/news/2026/03/17/iz-banka-anglii-uvolyat-pochti-500-chelovek/,2026-03-17 12:42:22,Экономика,parsed_rss:lenta
В Иране пригрозили расправой пользователям Starlink,В Иране пригрозили расправой пользователям Starlink,В Иране пригрозили расправой пользователям Starlink,https://lenta.ru/news/2026/03/17/v-irane-prigrozili-raspravoy-polzovatelyam-starlink/,2026-03-17 12:41:15,Мир,parsed_rss:lenta
Украина согласилась чинить «Дружбу» на деньги европейцев,Украина согласилась чинить «Дружбу» на деньги европейцев,Украина согласилась чинить «Дружбу» на деньги европейцев,https://lenta.ru/news/2026/03/17/ukraina-soglasilas-chinit-druzhbu-na-dengi-evropeytsev/,2026-03-17 12:38:00,Мир,parsed_rss:lenta
Россиянин получил три года колонии за сообщение в мессенджере,Россиянин получил три года колонии за сообщение в мессенджере,Россиянин получил три года колонии за сообщение в мессенджере,https://lenta.ru/news/2026/03/17/rossiyanin-poluchil-tri-goda-kolonii-za-soobschenie-v-messendzhere/,2026-03-17 12:35:49,Силовые структуры,parsed_rss:lenta
Три вековых рекорда побили в Москве,Три вековых рекорда побили в Москве,Три вековых рекорда побили в Москве,https://lenta.ru/news/2026/03/17/tri-vekovyh-rekorda-pobili-v-moskve/,2026-03-17 12:35:38,Экономика,parsed_rss:lenta
Россиянам назвали улучшающий работу мозга быстрый в приготовлении суп,Россиянам назвали улучшающий работу мозга быстрый в приготовлении суп,Россиянам назвали улучшающий работу мозга быстрый в приготовлении суп,https://lenta.ru/news/2026/03/17/rossiyanam-nazvali-uluchshayuschiy-rabotu-mozga-bystryy-v-prigotovlenii-sup/,2026-03-17 12:32:00,Интернет и СМИ,parsed_rss:lenta
Желающим избежать сонливости после обеда дали три совета,Желающим избежать сонливости после обеда дали три совета,Желающим избежать сонливости после обеда дали три совета,https://lenta.ru/news/2026/03/17/zhelayuschim-izbezhat-sonlivosti-posle-obeda-dali-tri-soveta/,2026-03-17 12:32:00,Забота о себе,parsed_rss:lenta
Зеленский отправил сигнал Орбану через Бухарест,Зеленский отправил сигнал Орбану через Бухарест,Зеленский отправил сигнал Орбану через Бухарест,https://lenta.ru/news/2026/03/17/zelenskiy-otpravil-signal-orbanu-cherez-buharest/,2026-03-17 12:28:00,Бывший СССР,parsed_rss:lenta
Южная Корея задумалась о возобновлении покупки российской нефти,Южная Корея задумалась о возобновлении покупки российской нефти,Южная Корея задумалась о возобновлении покупки российской нефти,https://lenta.ru/news/2026/03/17/yuzhnaya-koreya-zadumalas-o-vozobnovlenii-pokupki-rossiyskoy-nefti/,2026-03-17 12:27:00,Экономика,parsed_rss:lenta
Жирков пожаловался на рост цен,Жирков пожаловался на рост цен,Жирков пожаловался на рост цен,https://lenta.ru/news/2026/03/17/zhirkov-pozhalovalsya-na-rost-tsen/,2026-03-17 12:25:00,Спорт,parsed_rss:lenta
Российские «Зоркие-2М» засняли происшествие после удара БПЛА в ОАЭ,Российские «Зоркие-2М» засняли происшествие после удара БПЛА в ОАЭ,Российские «Зоркие-2М» засняли происшествие после удара БПЛА в ОАЭ,https://lenta.ru/news/2026/03/17/rossiyskie-zorkie-2m-zasnyali-proisshestvie-posle-udara-bpla-v-oae/,2026-03-17 12:25:00,Наука и техника,parsed_rss:lenta
Госкомпании страны БРИКС снова решили закупать российскую нефть,Госкомпании страны БРИКС снова решили закупать российскую нефть,Госкомпании страны БРИКС снова решили закупать российскую нефть,https://lenta.ru/news/2026/03/17/goskompanii-strany-briks-snova-reshili-zakupat-rossiyskuyu-neft/,2026-03-17 12:19:00,Экономика,parsed_rss:lenta
Одна страна Азии стала самой желанной для россиян на майских праздниках,Одна страна Азии стала самой желанной для россиян на майских праздниках,Одна страна Азии стала самой желанной для россиян на майских праздниках,https://lenta.ru/news/2026/03/17/odna-strana-azii-stala-samoy-zhelannoy-dlya-rossiyan-na-mayskih-prazdnikah/,2026-03-17 12:18:00,Путешествия,parsed_rss:lenta
Ощутимое землетрясение произошло в российском регионе,Ощутимое землетрясение произошло в российском регионе,Ощутимое землетрясение произошло в российском регионе,https://lenta.ru/news/2026/03/17/oschutimoe-zemletryasenie-proizoshlo-v-rossiyskom-regione/,2026-03-17 12:18:00,Экономика,parsed_rss:lenta
Папа Римский жестко высказался о пластике,Папа Римский жестко высказался о пластике,Папа Римский жестко высказался о пластике,https://lenta.ru/news/2026/03/17/papa-rimskiy-zhestko-vyskazalsya-o-plastike/,2026-03-17 12:18:00,Ценности,parsed_rss:lenta
Пашинян задумался о полете армян на Луну,Пашинян задумался о полете армян на Луну,Пашинян задумался о полете армян на Луну,https://lenta.ru/news/2026/03/17/pashinyan-zadumalsya-o-polete-armyan-na-lunu/,2026-03-17 12:14:00,Бывший СССР,parsed_rss:lenta
Звезда фильмов Marvel впервые станет отцом,Звезда фильмов Marvel впервые станет отцом,Звезда фильмов Marvel впервые станет отцом,https://lenta.ru/news/2026/03/17/zvezda-filmov-marvel-vpervye-stanet-ottsom/,2026-03-17 12:13:00,Культура,parsed_rss:lenta
Россиянин с кулаками напал на скорую и попал на видео,Россиянин с кулаками напал на скорую и попал на видео,Россиянин с кулаками напал на скорую и попал на видео,https://lenta.ru/news/2026/03/17/rossiyanin-napal-na-skoruyu-i-popal-na-video/,2026-03-17 12:13:00,Силовые структуры,parsed_rss:lenta
Российские войска продвинулись к Славянску,Российские войска продвинулись к Славянску,Российские войска продвинулись к Славянску,https://lenta.ru/news/2026/03/17/rossiyskie-voyska-prodvinulis-k-slavyansku/,2026-03-17 12:13:00,Бывший СССР,parsed_rss:lenta
ЦАХАЛ объявила новую масштабную серию ударов по объектам правительства Ирана,ЦАХАЛ объявила новую масштабную серию ударов по объектам правительства Ирана,ЦАХАЛ объявила новую масштабную серию ударов по объектам правительства Ирана,https://lenta.ru/news/2026/03/17/tsahal-ob-yavila-novuyu-masshtabnuyu-seriyu-udarov-po-ob-ektam-pravitelstva-irana/,2026-03-17 12:09:00,Мир,parsed_rss:lenta
Сценарий войны Ирана с НАТО рассмотрели,Сценарий войны Ирана с НАТО рассмотрели,Сценарий войны Ирана с НАТО рассмотрели,https://lenta.ru/news/2026/03/17/stsenariy-voyny-irana-s-nato-rassmotreli/,2026-03-17 12:09:00,Мир,parsed_rss:lenta
В Евросоюзе исключили сделки по энергетике с Россией,В Евросоюзе исключили сделки по энергетике с Россией,В Евросоюзе исключили сделки по энергетике с Россией,https://lenta.ru/news/2026/03/17/no/,2026-03-17 12:07:00,Экономика,parsed_rss:lenta
Московским автомобилистам назвали оптимальное время для смены резины,Московским автомобилистам назвали оптимальное время для смены резины,Московским автомобилистам назвали оптимальное время для смены резины,https://lenta.ru/news/2026/03/17/moskovskim-avtomobilistam-nazvali-optimalnoe-vremya-dlya-smeny-reziny/,2026-03-17 12:05:00,Авто,parsed_rss:lenta
МакSим рассказала о выступлениях на улице ради еды,МакSим рассказала о выступлениях на улице ради еды,МакSим рассказала о выступлениях на улице ради еды,https://lenta.ru/news/2026/03/17/maksim-rasskazala-o-vystupleniyah-na-ulitse-radi-edy/,2026-03-17 12:05:00,Культура,parsed_rss:lenta
Высокопоставленная макака сбросила в пруд одинокую обезьяну из японского зоопарка,Высокопоставленная макака сбросила в пруд одинокую обезьяну из японского зоопарка,Высокопоставленная макака сбросила в пруд одинокую обезьяну из японского зоопарка,https://lenta.ru/news/2026/03/17/vysokopostavlennaya-makaka-sbrosila-v-prud-odinokuyu-obezyanu-iz-yaponskogo-zooparka/,2026-03-17 12:05:00,Из жизни,parsed_rss:lenta
Страхование перевозок через Ормузский пролив подорожало в 20 раз,Страхование перевозок через Ормузский пролив подорожало в 20 раз,Страхование перевозок через Ормузский пролив подорожало в 20 раз,https://lenta.ru/news/2026/03/17/strahovanie-perevozok-cherez-ormuzskiy-proliv-podorozhalo-v-20-raz/,2026-03-17 12:04:00,Экономика,parsed_rss:lenta
В России объявили о скором расширении ОМС для онкобольных,В России объявили о скором расширении ОМС для онкобольных,В России объявили о скором расширении ОМС для онкобольных,https://lenta.ru/news/2026/03/17/v-rossii-rasshirili-oms-dlya-onkobolnyh/,2026-03-17 12:04:00,Россия,parsed_rss:lenta
Российский рядовой несколько часов вел разведку в тылу ВСУ и остался незамеченным,Российский рядовой несколько часов вел разведку в тылу ВСУ и остался незамеченным,Российский рядовой несколько часов вел разведку в тылу ВСУ и остался незамеченным,https://lenta.ru/news/2026/03/17/rossiyskiy-ryadovoy-neskolko-chasov-vel-razvedku-v-tylu-vsu-i-ostalsya-nezamechennym/,2026-03-17 12:03:00,Россия,parsed_rss:lenta
Россиян призвали готовиться к аномальному нашествию паразитов,Россиян призвали готовиться к аномальному нашествию паразитов,Россиян призвали готовиться к аномальному нашествию паразитов,https://lenta.ru/news/2026/03/17/rossiyan-prizvali-gotovitsya-k-anomalnomu-nashestviyu-parazitov/,2026-03-17 12:01:00,Экономика,parsed_rss:lenta
Продавец попугаев не смогла доказать связь обидных комментариев и падения ее доходов,Продавец попугаев не смогла доказать связь обидных комментариев и падения ее доходов,Продавец попугаев не смогла доказать связь обидных комментариев и падения ее доходов,https://lenta.ru/news/2026/03/17/prodavets-popugaev-ne-smogla-dokazat-padenie-dohodov-iz-za-obidnyh-kommentariev/,2026-03-17 12:00:00,Экономика,parsed_rss:lenta
ЕС не смог смириться с угрозами Зеленского в адрес Орбана,ЕС не смог смириться с угрозами Зеленского в адрес Орбана,ЕС не смог смириться с угрозами Зеленского в адрес Орбана,https://lenta.ru/news/2026/03/17/es-ne-smog-smiritsya-s-ugrozami-zelenskogo-v-adres-orbana/,2026-03-17 11:59:37,Мир,parsed_rss:lenta
В Финляндии оценили возможность бойкота Кубка мира по хоккею из-за допуска России,В Финляндии оценили возможность бойкота Кубка мира по хоккею из-за допуска России,В Финляндии оценили возможность бойкота Кубка мира по хоккею из-за допуска России,https://lenta.ru/news/2026/03/17/v-finlyandii-otsenili-vozmozhnost-boykota-kubka-mira-po-hokkeyu-iz-za-dopuska-rossii/,2026-03-17 11:58:53,Спорт,parsed_rss:lenta
Каллас выступила с призывом по ситуации в Ормузском проливе,Каллас выступила с призывом по ситуации в Ормузском проливе,Каллас выступила с призывом по ситуации в Ормузском проливе,https://lenta.ru/news/2026/03/17/kallas-vystupila-spriormuzskiy-proliv/,2026-03-17 11:58:37,Мир,parsed_rss:lenta
Интересовавшийся Министерством обороны россиянин попал под следствие,Интересовавшийся Министерством обороны россиянин попал под следствие,Интересовавшийся Министерством обороны россиянин попал под следствие,https://lenta.ru/news/2026/03/17/interesovavshiysya-ministerstvom-oborony-rossiyanin-popal-pod-sledstvie/,2026-03-17 11:54:46,Силовые структуры,parsed_rss:lenta
Всех российских космонавтов подготовят к полету на РОС,Всех российских космонавтов подготовят к полету на РОС,Всех российских космонавтов подготовят к полету на РОС,https://lenta.ru/news/2026/03/17/vseh-rossiyskih-kosmonavtov-podgotovyat-k-poletu-na-ros/,2026-03-17 11:53:43,Наука и техника,parsed_rss:lenta
Москвичей предупредили о сибирских ночах,Москвичей предупредили о сибирских ночах,Москвичей предупредили о сибирских ночах,https://lenta.ru/news/2026/03/17/moskvicham-rasskazali-o-pogode-do-kontsa-nedeli/,2026-03-17 11:53:25,Экономика,parsed_rss:lenta
Доктор Мясников раскрыл свою единственную радость,Доктор Мясников раскрыл свою единственную радость,Доктор Мясников раскрыл свою единственную радость,https://lenta.ru/news/2026/03/17/radost/,2026-03-17 11:50:56,Интернет и СМИ,parsed_rss:lenta
