row_id,text,pred_label,confidence,corrected_label
0,"Жена лидера британской группы Black Sabbath Оззи Осборна Шэрон выиграла суд против таблоида The Sun. Об этом сообщает издание New Musical Express. Представители издания согласились с решением суда и признали, что нанесли семье Осборнов моральный вред, напечатав статью о методах, которыми пользовалась Осборн во время работы менеджером Black Sabbath. Речь идет о публикации, появившейся в The Sun в октябре 2007 года. Автор текста утверждал, что Шэрон ""практически уничтожила своего немощного мужа"", а также подвергла его жизнь риску, заставляя работать в напряженном режиме. В статье также рассказывается, что жена Осборна настаивала на том, чтобы музыкант давал живые концерты тогда, когда он был не в лучшей форме. В тексте публикации утверждается, что фронтмен Black Sabbath должен был таким образом заработать деньги, чтобы его супруга могла ""продолжать свои непомерные траты"". Согласно решению суда, The Sun возместит семье Осборнов моральный вред, а также издержки, сумма которых не разглашается. Издание принесло своим извинения за публикацию статьи и признало, что сведения о Шэрон Осборн, появившиеся в газете, являются неверными.",positive,0.45,
10,"Федеральная служба по финансовым рынкам (ФСФР) признала, что собрание акционеров ""Ингосстраха"", на котором не были учтены голоса представителей чешского инвестфонда PPF Investments (PPFI), было проведено с нарушениями. Об этом пишет газета ""Ведомости"". Основным акционером страховщика является холдинг ""Базэл"" Олега Дерипаски. PPFI, которому принадлежит около 40 процентов ""Ингосстраха"", обратился в ФСФР с просьбой разобраться, почему голоса миноритарных акционеров не были учтены на собрании директоров страховщика. В ответе заместителя руководителя службы Елены Курицыной говорится, что ФСФР приняла решение направить в ""Ингосстрах"" предписание о том, чтобы в дальнейшем нарушения не допускались. Напомним, на собрании совета директоров страховой компании 8 августа голоса иностранных совладельцев не были учтены из-за решения неназванного арбитражного суда, ""в соответствии с исполнительным листом от 2 июля 2008 года"". При этом его содержание не раскрывалось, и только 3 сентября адвокаты ""Ингосстраха"" должны ознакомить с ним представителей PPFI. В PPFI еще в августе заявляли, что не знают ни о каких решениях суда в отношении фонда. Напомним, в конце 2007 года между акционерами ""Ингосстраха"" разгорелся конфликт. После того, как ""Базэл"" принял решение увеличить уставный капитал страховщика вчетверо, структуры PPFI (""Вега"", ""Новый капитал"" и ""Инвестиционная инициатива"") подали иски в Арбитражный суд Москвы. Они считают, что своими действиями ""Базэл"" уменьшил долю PPFI в ""Ингосстрахе"".",negative,0.45,
20,"Полузащитник польского футбольного клуба «Катовице» Доминик Кошовский скончался в результате нападения фанатов конкурирующей команды. Об этом во вторник, 23 августа, сообщает 101greatgoals.com. В ночь с воскресенья на понедельник он подвергся нападению со стороны группы мужчин возле одной из железнодорожных станций города Катовице. Футболист гулял вместе с отцом. Спортсмен получил несколько ударов ножом и скончался по пути в больницу. Отец также пострадал, но его жизни ничто не угрожает. По версии полиции, нападавшими были фанаты одного из клубов, конкурирующего с «Катовице». Расследование продолжается, в данный момент задержаны трое подозреваемых в возрасте 19-20 лет. Кошовский попал в систему «Катовице» в девятилетнем возрасте. С тех пор он выступал за юношескую и молодежную команды клуба.",neutral,0.45,
30,"Компания ""Би-би-си"" продаст права на свои круглосуточные трансляции с олимпийских соревнований во всех видах спорта телевизионным провайдерам. Об этом сообщается на сайте BBC News. Ранее ""Би-би-си"" планировала организовывать круглосуточную трансляцию соревнований только на своих сайтах
BBC Sport и BBC 2012. Однако теперь зрители кабельных и спутниковых каналов, заключивших контракт с ""Би-би-си"", смогут круглосуточно смотреть трансляцию соревнований в каком-либо отдельном виде спорта, не прерываясь на репортажи о других олимпийских соревнованиях. Подобная возможность предоставляется телезрителям впервые в истории олимпийского движения. Как заявил Роджер Моузи, директор ""Би-би-си"" по освещению Олимпиады-2012, ""это первые по-настоящему цифровые Олимпийские игры, и на них мы предлагаем зрителям больше выбора, чем когда-либо"". Компания ""Би-би-си"" уже заключила контракт с телеоператором Sky на создание 24 каналов с прямой трансляцией 24 олимпийских видов спорта. В целом пакет, который ""Би-би-си"" предлагает провайдерам, включает в себя 24 канала в высоком разрешении и 24 канала в стандартном разрешении. Помимо круглосуточных трансляций, ""Би-би-си"" будет показывать самые яркие моменты каждого дня Олимпиады на телеканалах BBC One и BBC Three, а также освещать ход соревнований на радиостанции Radio 5. Вместе с прямыми трансляциями компания ""Би-би-си"" собирается показать около 2,5 тысяч часов репортажей с Олимпиады. Олимпийские игры 2012 пройдут в Лондоне с 27 июля по 12 августа. Лондон станет первым в истории городом, в котором Олимпиада была проведена трижды. Ранее Олимпийские игры проходили в Лондоне в 1908 и 1948 годах.",positive,0.45,
40,"Москва «не будет ревновать» Сирию к США, если отношения между ними улучшатся в результате реальной борьбы Вашингтона с террористами. Об этом замглавы российского МИД Геннадий Гатилов сообщил в интервью «Интерфаксу», опубликованном в пятницу, 23 декабря. «Никакой ревности или соперничества здесь быть не должно. Здесь все должны озаботиться необходимостью консолидации общих усилий», — подчеркнул замминистра. По словам Гатилова, Москва «уже который месяц или даже год подряд призывает к необходимости формирования широкого антитеррористического фронта». «Этот призыв был прямо обращен ко всем государствам, — добавил он. — Потому что все сейчас понимают, что в одиночку с терроризмом, конечно, бороться бесполезно, нужно объединить все усилия. А объединить их можно только на широкой антитеррористической платформе». В начале декабря глава МИД России Сергей Лавров подчеркивал, что в ходе переговоров по Сирии обсуждалась совместная схема действий, которая в первую очередь предполагала отмежевание умеренной оппозиции от террористов. Он отметил, что эта договоренность не была выполнена американской стороной. В октябре президент Сирии Башар Асад заявлял, что сейчас главная цель Вашингтона — «сохранить американскую гегемонию над миром». Он также назвал  Россию, Иран и шиитское движение «Хезболла» постоянными союзниками Сирии.",negative,0.45,
50,"Группа астрономов из Финляндии, Франции и Италии разработали концепцию межпланетного зонда, с помощью которого можно исследовать атмосферу газовых гигантов. Ключевым отличием аппарата является использование для движения технологии электрического паруса. Концепция выложена в виде препринта в архиве Корнельского университета, кратко о ней пишет блог Technology Review. Предложенный зонд состоит из электрического паруса, солнечных батарей и корпуса, в котором установлены приборы, средства связи и дополнительные ракетные двигатели для корректировки движения. Общая масса зонда должна составить около 560 килограмм. Электрический парус, который будет использоваться в зонде, потребует 540 ватт электрической мощности. Это позволит получить тягу в полньютона и развить ускорение около 1 миллиметра в секунду за секунду. По словам физиков, до Урана зонд сможет добраться за шесть лет, причем запуск можно будет произвести в любое время, не дожидаясь благоприятного окна. Важнейшим недостатком зонда является то, что он будет одноразовым — после вхождения в атмосферу Урана на высокой скорости, аппарат будет уничтожен. Принцип электрического паруса заключается в том, что положительно заряженные протоны и альфа-частицы солнечного ветра, отражаясь от одноименно заряженного паруса, толкают аппарат вперед. Парус же представляет собой металлическую решетку или набор электродов. Энергию солнечных батарей аппарат использует на разделение зарядов, при этом электроны просто выбрасываются в вакуум. Электрический парус похож на световой, но имеет гораздо меньшую площадь и менее подвержен опасности столкновения с астероидами. Электрический парус был изобретен одним из авторов концепции зонда, финским физиком Пеккой Янхуненом (Pekka Janhunen) в 2006 году. Идея ученого воплотилась в единственном на сегодняшний день аппарате с электрическим парусом — эстонском наноспутнике ESTCube-1.",neutral,0.45,
60,"В центре Берлина группа из трех молодых людей, говорящих на арабском, напала на двух израильтян в кипах. Об этом сообщает The Local. Инцидент произошел 17 апреля в районе Пренцлауэр-Берг, видео появилось в сети чуть позже. Юноши сначала стали выкрикивать антисемитские лозунги на арабском, а затем один из них напал на евреев с ремнем. После этого атаковавшие скрылись.  По данным Deutsche Welle, один из пострадавших молодых людей не является евреем. Он рассказал изданию, что вырос в арабской семье в Израиле, а кипу ему подарил друг. Он решил ее надеть, несмотря на предупреждения о том, что подобная затея опасна. По его словам, как минимум один из нападавших говорил на сирийском диалекте. После произошедшего канцлер Германии Ангела Меркель заявила, что с антисемитскими инцидентами необходимо бороться «с твердостью и решимостью». Немецкие политики назвали случившееся постыдным. 5 апреля сообщалось, что за последние пять лет число радикальных исламистов в Германии выросло на 100 процентов. В 2015 году в Европе разразился миграционный кризис. Некоторые страны выступили за сдерживание потока беженцев и против квот на число мигрантов. Германия, напротив, старалась принять максимум беженцев. Однако после нескольких терактов, совершенных вновь прибывшими мусульманами, в ФРГ также появились антимигрантские настроения. В страну за эти годы перебралось свыше 1,5 миллиона человек.",positive,0.45,
70,"В Белоруссии найден мертвым оппозиционный журналист, основатель сайта ""Хартия'97"" Олег Бебенин. По информации ресурса, тело Бебенина было найдено 3 сентября на его даче под Минском. Причины и обстоятельства смерти журналиста пока неизвестны. Олег Бебенин ранее работал заместителем главного редактора белорусской газеты ""Имя"". Оппозиционным сайтом ""Хартия'97"" он занимался с 1998 года. В одном из интервью Бебенин рассказывал, что в 1997 году его похитили неизвестные, вывезли в лес и угрожали, заявляя, что на его примере ""покажут, как нужно себя вести с властями"". Тогда журналист почти не пострадал: забрав у него деньги и средства связи, похитители его отпустили. Милиция преступников не нашла. ""Хартия'97"" является одним из ведущих оппозиционных интернет-ресурсов Белоруссии. На сайте активно освещается деятельность одного из неофициальных кандидатов в президенты республики (официальной регистрации кандидатов еще не было), лидера кампании ""Европейская Беларусь"" Андрея Санникова.",negative,0.45,
80,"В минувшее воскресенье в Чечне на КПП ""Кавказ"" был задержан Рамазан Ахматов, обвиняемый в организации банды, похищавшей людей с целью получения выкупа. Об этом РИА ""Новости"" сообщили в мобильном отряде МВД РФ в Моздоке. По данным правоохранительных органов, на счету Ахматова десятки похищений жителей не только Северного Кавказа, но и других регионов России.",neutral,0.45,
90,"Министерство обороны и Генеральный штаб вооруженных сил Украины разрабатывают ""национальный"" строевой шаг, сообщает ""Обком"" со ссылкой на источники УНИАН в оборонном ведомстве. По данным собеседника агентства, Виктор Ющенко дал военным такое поручение, поскольку не вполне доволен нынешним, ""прусским"" строевым шагом, оставшимся в украинской армии еще со времен СССР. В настоящее время Генштаб разрабатывает методические рекомендации по новому шагу и готовит предложения по соответствующему изменению украинского законодательства. Для пущей наглядности украинские военные даже сняли методический фильм, в котором сравниваются ""прусский"" и ""национальный"" стили строевого шага. Для того, чтобы войска официально были переведены на новый шаг, Верховная Рада должна изменить строевой устав вооруженных сил. Чем именно должен отличаться новый строевой шаг от старого, не сообщается.",positive,0.45,
100,"Покушение на премьер-министра Ингушетии Ибрагима Мальсагова связан с покушением на президента Мурата Зязикова и нападением боевиков на республику в 2004 году. Так заявил информационному агентству ""Интерфакс"" секретарь Совета безопасности Ингушетии Ингушетии Башир Аушев. По его словам, спецслужбы абсолютно уверены, что эти события являются звеньями одной цепи. Аушев уточнил, что хотя правоохранительные органы рассматривают несколько версий теракта, они не считают, что покушение на премьера было связана с его профессиональной деятельностью. Мальсагов занимает должность премьера чуть больше месяца, и скорее это был теракт ""против правительства Ингушетии"", а не против премьера лично, считает секретарь Совбеза. Аушев повторил версию о том, что целью организаторов теракта была дестабилизация обстановки в республике. Ранее об этом говорил президент Ингушетии Мурат Зязиков. Аналогичное мнение высказал и сенатор от Ингушетии Василий Лихачев. Это мнение было изложено в специально заявлении, поступившем в информагентство 26 августа. Покушение на Ибрагима Мальсагова было совершено 25 августа. Кортеж ингушского премьера был подорван, когда Мальсагов ехал после обеденного перерыва на работу. В результате двух взрывов один из охранников премьера погиб, водитель и второй охранник были ранены. Сам премьер получил несколько осколочных ранений, однако за его жизнь врачи не опасаются. Предполагается, что он проведет в больнице несколько дней.",negative,0.45,
110,"Во французском городе Гавр (регион Верхняя Нормандия) двадцатилетний молодой человек задушил мать из-за запрета ехать на джихад в Сирию. Об этом в понедельник, 12 сентября, сообщает France Info. Как рассказали в полиции, после совершения убийства преступник сам позвонил в дежурную часть и признался в содеянном. После задержания убийца сообщил следователям, что решился на преступление под влиянием радикальных идей. По данным правоохранительных органов, молодой человек страдает психическим расстройством. Попадал ли он ранее в поле зрения полиции в связи со своими экстремистскими убеждениями — не сообщается. 2 сентября этого года, прокурор Парижа Франсуа Молен заявил о высокой вероятности совершения новых терактов на территории страны. По его мнению, особую тревогу вызывает экстремистская идеологическая обработка, которой подвергаются молодые люди в социальных сетях. В качестве примера он рассказал о возросшем количестве интернет-профилей девочек-подростков, на которых излагаются хитроумные и изощренные планы террористических атак. По данным французского министерства внутренних дел, сейчас на территории Сирии и Ирака на стороне боевиков воюют около 700 граждан страны.",neutral,0.45,
120,"В Таиланде вышел комикс, рассказывающий о жизни бывшего премьер-министра Таксина Чинавата (Thaksin Shinawatra), свергнутого в результате военного переворота 19 сентября, сообщает агентство AFP. Тираж комикса ""Жизнь Таксина"" (Thaksin's Life) составил 5000 экземпляров. На 212 страницах рассказывается о судьбе 57-летнего миллиардера, добившегося всего своим трудом. Одна из глав посвящена тому, как телемагнат Таксин, став премьером Таиланда, направил все свои силы на улучшение положения бедных таиландских крестьян путем предоставления их семьям займов под низкие проценты. ""Богачам, - говорит главный герой комикса, - моя политика чужда и непонятна, зато она близка беднякам"". ""Миссия Таксина не закончена, - обещает в другой главе дедушка своему внуку. - Защитник бедняков не оставит их одних. Я верю, он обязательно вернется"". Комикс, в котором говорится о возвращении  Таксина Чинавата, появился в то время, когда во всем Таиланде еще действует комендантский час, так как военные опасаются волнений сторонников свергнутого премьера. Автор комикса 40-летняя Посаторн Бутр-анан (Posatorn Butr-anan) из Бангкока призналась, что начала писать книгу о Чинавате задолго до военного переворота, однако события 19 сентября заставили ее поспешить с окончанием.  Закончив текст, она отдала его одному художнику, попросив сделать комикс. Посаторн заявила, что написать книгу ее побудила личная симпатия к Чинавату. ""Я надеюсь, что те, кто любит Таксина, обязательно ее купят"", - добавила она, однако призналась, что пока спрос на книгу невелик. Напомним, что возглавляемое Таксином Чинаватом правительство было низложено в результате военного переворота, происшедшего в ночь с 19 на 20 сентября. Чинавата обвинили в коррупции и кумовстве. В этот момент премьер находился в Нью-Йорке на ежегодной ассамблее ООН. В страну Таксин так и не вернулся, оставшись на неопределенное время в Лондоне, где у него есть дом. Чинават пользовался широкой поддержкой в северных преимущественно сельских районах Таиланда. В частности, он провел реформу, по которой любой гражданин смог получить квалифицированную врачебную помощь по цене всего 80 центов за один визит к врачу. За время правления Чинавата доходы таиландских крестьян, которые составляют две трети населения страны, возросли на 60 процентов.",positive,0.45,
130,"Экс-чемпион мира по боксу в полутяжелом и супертяжелом весе американец Рой Джонс записал новый альбом в стиле хип-хоп и ритм-энд-блюз, который называется ""Body Head Bangerz Volume 1"". На одну из композиций ""I Smoke, I Drank, - Remix"", которая выпущена отдельным синглом, снят видеоклип. Альбом лучшего боксера последнего десятилетия уже поступил в продажу. Джонс записал пластинку на  Universal Motown Records – известной звукозаписывающей фирме, которая специализируется на темнокожих исполнителях. В работе над альбомом боксеру помогали известные в США музыканты, работающие в хип-хопе: Juvenile, Choppa, Mike Jones, Lil Flip, Fiend, Petey Pablo, The YoungBloodz, Magic и многие другие. В видеоклипе Джонс предстает перед зрителями в белом костюме, окруженный исполнителями в темной одежде. Напомним, что Рой Джонс проиграл два своих последних поединка. В мае он был отправлен в нокаут Антонио Тарвером, а в сентябре проиграл Гленкоффу Джонсону также нокаутом. После поединка с Джонсоном он даже попал в больницу с сотрясением мозга. Рой Джонс заявил, что принял решение немного отдохнуть от бокса, однако о завершении карьеры не объявлял.",negative,0.45,
140,"Покупатели в Московской области предпочитают приобретать под дачи участки площадью не менее 10 соток, заявила в пятницу в ходе онлайн-конференции о развитии рынка загородной недвижимости на сайте РИА Новости руководитель направления загородной недвижимости ""МИАН-агентство недвижимости"" Светлана Кондачкова.По словам Кондачковой, привычные ""шесть соток"" давно перестали быть основным целевым сегментом этого рынка, хотя и занимают значительную долю в структуре спроса на загородную недвижимость Московской области. Размер участка, интересного потребителю, даже в рамках эконом-класса год от года увеличивается, несмотря на рост цен.Сейчас, по словам Кондачковой, наиболее ликвидными объектами на рынке загородной недвижимости Подмосковья являются коттеджи в строящихся организованных коттеджных поселках и земельные участки под индивидуальную застройку. В среднем коттедж эконом-класса, выполненный под чистовую отделку, в организованном поселке стоит от 250 тысяч долларов.Кондачкова также уточнила, что средняя стоимость квадратного метра в таунхаусах, расположенных за городом, составляет 2,2 тысяч долларов, а средняя стоимость квадратного метра в типовой городской квартире в Москве - более четырех тысяч долларов.",neutral,0.45,
150,"Житель города Хаддон-Тауншип в штате Нью-Джерси, США, нашел телефон своего сына в мусорной свалке высотой 15 метров. Об этом сообщает NBC Philadelphia. По данным телеканала, ученик средней школы Итан Ронкас (Ethan Roncace) случайно выбросил гаджет в мусорный бак. Его отец Крэйг (Craig Roncace) использовал специальное приложение, с помощью которого отследил местоположение смартфона. Некоторое время устройство «двигалось» по карте, а затем остановилось в одном из объектов утилизации отходов Кованта (Covanta) в городе Камден. Мужчина отправился по адресу свалки, где принялся копать 15-метровую гору мусора. Он нашел телефон за 30 минут. Гаджет оказался в исправном состоянии. Сотрудник Кованты Рич Харрингтон (Rich Harrington) рассказал журналистам, что Крэйг успел вовремя: через некоторое время рабочие должны были отвозить мусор на полигон. В августе прошлого года работники мусорной свалки в польском городе Колобжег нашли в старом пылесосе и аудиоколонке банкноты на общую сумму полмиллиона евро.",positive,0.45,
160,"Премьер-министр Израиля Биньямин Нетаниягу и министр иностранных дел Авигдор Либерман объявили об эвакуации посольства страны в Иордании. Как сообщает ""Гаарец"", правительство страны опасается проведения в Аммане антиизраильских протестов, подобных беспорядкам у посольства Израиля в Каире. Изначально Израиль планировал отправлять своих дипломатов из Аммана домой только на выходные, оставляя в посольстве одного диппредставителя и охрану. Однако в среду, 14 сентября, после слухов о готовящихся на четверг, пятницу и все выходные беспорядках израильский МИД принял решение о досрочной эвакуации дипмиссии в Иордании. Призыв к проведению массовых акций протеста у израильского посольства в Аммане появился в социальной сети Facebook. Согласно информации на страничке ""события"", мероприятие запланировано на четверг, 15 сентября. О своем желании присоединиться к демонстрации на настоящий момент заявили 3400 человек. При этом власти Израиля, по данным ""Гаарец"", сомневаются, что акции удастся собрать больше тысячи человек. Кроме того, источник издания выразил уверенность в том, что протестующих разгонят службы безопасности Иордании и ситуация, подобная беспорядкам в Египте, не повторится. Напомним, что в ходе беспорядков у посольства Израиля в Каире 9-10 сентября военнослужащими и полицейскими Египта были задержаны 130 человек. Протестующие прорвались на территорию посольства и сорвали со здания израильский флаг. Для разгона демонстрантов полиция применила слезоточивый газ. В результате подавления беспорядков четыре человека погибли, более тысячи человек, в том числе около 300 полицейских, получили ранения.",negative,0.45,
170,"Российская лыжница Елена Веденеева, в ноябре 2009 года отказавшаяся проходить допинг-контроль, дисквалифицирована на два года, сообщает агентство ""Весь спорт"". Решение об отстранении Веденеевой было принято Международной федерацией лыжных видов спорта (FIS) 28 февраля, но известно об этом стало только сейчас. 38-летняя Веденеева отказалась проходить внесоревновательный допинг-контроль 28 ноября 2009 года. 18 января ее дело разбиралось в режиме телеконференции, а 28 февраля специальная комиссия комиссия FIS вынесла решение о двухлетней дисквалификации. По существующим правилам, сроком окончания дисквалификации считается 15 декабря 2011 года. Кроме того, Веденеева должна будет вернуть все медали и призовые деньги. Только в этом случае она сможет выступать в соревнованиях, проводимых под эгидой FIS. Россиянка может оспорить свою дисквалификацию в течение 21 дня в Спортивном арбитражном суде (CAS).",neutral,0.45,
180,"Снятую через сервис арендного жилья Airbnb квартиру в Лондоне превратили в своего рода ночной клуб с диджеем и вышибалой. Об этом пишет газета Islington Gazette. По данным издания, около 200 человек устроили шумную вечеринку в квартире с одной спальней в районе Кэнонбери на севере английской столицы. Уточняется, что инцидент произошел в ночь на субботу, 4 марта. По словам одного из соседей, при этом использовались профессиональные колонки и микрофон. На вечеринке также работал диджей, а вход в квартиру охранял вышибала. Соседи, которые не смогли уснуть из-за шума, вызвали полицию. Стражи порядка, прибывшие около 03:00 по местному времени, из-за большого числа людей в квартире вызвали подкрепление, которое оказалось на месте только через полтора часа. После этого вечеринка была прекращена, ее участники разошлись. Арестовывать никого не стали. Представитель Airbnb заявил, что снявший эту квартиру пользователь сервиса отныне внесен в черный список.",positive,0.45,
190,"До конца 2017 года в России пройдут испытания мощного судового лазера. Холдинг Ростеха «Швабе» и Всероссийский научно-исследовательский институт по проблемам гражданской обороны и чрезвычайных ситуаций МЧС России подписали протокол, сообщает «Интерфакс». «Лазерный комплекс обеспечит проводку любых судов через ледовые поля вне зависимости от их мощности. Это позволит создать полноценную круглогодичную транспортную инфраструктуру в субарктических и арктических районах России, снизить ледовую нагрузку на инженерные сооружения, работающие на континентальном шельфе», — сообщил генеральный директор «Швабе» Алексей Патрикеев. Новая судовая лазерная установка мощностью 200 киловатт способна обнаруживать в ледяной корке трещины и фокусировать на них лазер. При помощи устройства  можно будет разрезать лед толщиной до одного метра. Лазерная судовая установка разработана специалистами предприятия «Швабе» — Национального центра лазерных систем и комплексов «Астрофизика» в рамках программы «Развитие гражданской морской техники». Представители холдинга рассказали, что место проведения эксперимента выберут в течение месяца. Также определят перечень судов, которые примут в нем участие. Лазер станет новым способом прокладывания судоходных русел в ледяных полях. В настоящее время существует два способа проходить через лед: продавливать его массой судна или разрезать с помощью форштевня - носовой части киля. Для этой цели используются ледоколы  «Арктика» и «Тамыр».",negative,0.45,
200,"Российская теннисистка Мария Шарапова, не выступавшая из-за травмы правой ноги на турнирах два с половиной месяца, не смогла доиграть первую встречу после возвращения на корт. Об этом сообщается в официальном микроблоге WTA в Twitter. Шарапова отказалась от продолжения борьбы в матче второго круга турнира в Ухани (Китай) с чешкой Барборой Стрыцовой. Поведя в третьем сете 2:1, россиянка обратилась за помощью врача, но не смогла продолжить встречу. 25 сентября Федерация тенниса России сообщила. что Шарапова включена в состав российской национальной сборной на финальный матч Кубка Федерации по теннису против команды Чехии, который состоится 14-15 ноября в Праге. Помимо Шараповой, за российскую команду также сыграют Екатерина Макарова, Анастасия Павлюченкова и Елена Веснина. В августе Шарапова травмировала ногу, из-за чего пропустила Открытый чемпионат США (US Open).",neutral,0.45,
210,"Олимпийская чемпионка, рекордсменка мира в прыжках с шестом Елена Исинбаева представлена командованием железнодорожных войск к званию ""старший лейтенант"", сообщает РИА ""Новости"". Исинбаева, недавно в Лондоне преодолевшая историческую высоту в пять метров, является членом спортивного клуба железнодорожных войск. За свою карьеру российская спортсменка, ставшая в прошлом году лучшей легкоатлеткой мира, и уверенно возглавляющая рейтинг Международной федерации легкой атлетики нынешнего года, установила уже 17 мировых рекордов. ""Елене Исинбаевой, которая является членом спортивного клуба железнодорожных войск, было присвоено звание младшего лейтенанта, потом вне очереди звание лейтенанта, а сейчас мы представляем ее к званию старший лейтенант. Мы поощряем и поддерживаем Елену"", - сказал журналистам командующий железнодорожными войсками генерал-полковник Григорий Когатько. Военную карьеру Елена Исинбаева сделала за полтора года. В мае 2004 года Исинбаевой было присвоено звание старший прапорщик, а спустя 14 месяцев она представлена к званию старшего лейтенанта, подчеркивает ИТАР-ТАСС. 5 июля нынешнего года Исинбаева стала дипломированным специалистом - закончила Волгоградскую государственную академию физкультуры. Диплом о высшем образовании получила вместе с олимпийской чемпионкой по прыжкам в высоту Еленой Слесаренко и полузащитником ЦСКА Евгением Алдониным. Решением ученого совета Исинбаева была зачислена на
первый курс магистратуры и продолжат обучение в стенах академии. Именно диплом о высшем образовании позволил командованию Железнодорожных войск присвоить ей очередное воинское звание - старший лейтенант.",positive,0.45,
220,"Во вторник израильские солдаты уничтожили 15 домов в лагере палестинских беженцев Рафиах на юге сектора Газа, сообщает газета Ha'aretz. По словам военных, из этих зданий боевики вели огонь по опорным пунктам израильской армии, находящимся рядом с египетской границей. Во время операции по уничтожению домов палестинцы взорвали две бомбы, двое солдат получили легкие ранения. Ранее израильтяне разрушили еще два дома, один из которых находился неподалеку от резиденции палестинского лидера Ясира Арафата в Рамалле, а второй - в пригороде Бейтунии. Источник из окружения премьер-министра Израиля Ариэля Шарона сообщил, что Шарон пообещал ""жесткий и стремительный"" ответ на теракты в Иерусалиме и на военной базе Црифин под Тель-Авивом. ""Мы предпримем любые усилия для того, чтобы положить конец террору"", - заявил израильский премьер. Напомним, в результате взрывов в Иерусалиме и на базе Црифин погибли 15 человек. Немедленно после терактов ВВС Израиля нанесли ракетный удар по дому боевика экстремистской организации ХАМАС Махмуда аль-Захара, который, по данным военных, несет ответственность за подготовку взрывов. Кроме того, израильтяне арестовали 20 родственников смертников, совершивших теракты.",negative,0.45,
230,"Лидер КПРФ Геннадий Зюганов предложил увековечить память убитого в Турции российского посла Андрея Карлова, установив мемориальную табличку в его честь на здании МИД. Об этом в среду, 21 декабря, сообщает радиостанция «Говорит Москва». Председатель партии «Справедливая Россия» Сергей Миронов, в свою очередь, предложил присвоить Дальневосточному федеральному университету (ДВФУ) имя Андрея Карлова. «Считаем, что беззаветное служение России, дипломатический подвиг Андрея Геннадьевича зададут высокую патриотическую планку для нашей молодежи», — цитирует политика РИА Новости. 20 декабря стало известно, что один из выставочных залов Галереи современного искусства в Анкаре, где был убит посол, получит его имя. В честь него также назовут улицу, на которой расположено посольство России в Турции. 62-летний дипломат был застрелен в Анкаре 19 декабря во время открытия посвященной России фотовыставки в Галерее современного искусства. Нападавшим оказался 22-летний полицейский Мевлют Мерт Алтынташ, его ликвидировали вскоре после атаки. Карлов был назначен на пост чрезвычайного и полномочного посла России в Турции в июле 2013 года. До этого работал в консульском департаменте МИД России, с июля 2001-го по декабрь 2006-го был послом в КНДР. На дипломатической службе находился с 1976 года.",neutral,0.45,
240,"С 28 марта, когда сайт газеты The New York Times стал платным, читать газету в интернете за деньги согласились  уже более 100 тысяч человек. Об этом сообщает Agence France-Presse со ссылкой на квартальный отчет The New York Times. Чистая прибыль всей The New York Times, которая включает The New York Times, The Boston Globe, The International Herald Tribune и другие издания сократилась более чем вдвое и составила 5,4 миллиона долларов, говорится в отчете издательского дома. Столь низкий показатель в компании объясняют продолжающимся спадом на американском рынке печатных СМИ. Выручка The Times Co составила по итогам квартала 566,5 миллиона долларов, что на 3,6 процента хуже показателей аналогичного квартала годом ранее. По условиям подписки на сайт  The New York Times, читателям бесплатно доступно только 20 статей в месяц, остальные доступны только после регистрации. Сейчас многие крупные газеты обсуждают возможность перехода на платную подписку, надеясь с помощью этой меры компенсировать падение выручки в бумажной прессе. В 2010 году на аналогичный шаг решилась британская The Times. В ноябре этот издательский дом отчитался, что за The Times и Sunday Times в интернете заплатили 205 тысяч читателей. Из них около половины купили разовый доступ к сайтам, а не месячную подписку.",positive,0.45,
250,"Полиция Лос-Анджелеса окружила дом, где забаррикадировался вооруженный преступник, передает Sky News. Один полицейский погиб в перестрелке, еще один ранен. Как сообщается на сайте телеканала, в среду вечером некий мужчина позвонил в полицию и сказал, что убил трех членов своей семьи. На место преступления выехал отряд быстрого реагирования. Двое полицейских попытались проникнуть в дом, но преступник открыл по ним огонь. Им не удалось установить, есть ли в доме тела троих убитых. Раненые полицейские были доставлены в местную больницу. В четверг один из них скончался от полученных ранений, второй находится в тяжелом состоянии, но, по словам врачей, его жизнь вне опасности. Полиция продолжает осаду дома.",negative,0.45,
260,"Полицейские разыскивают неизвестных, совершивших разбойное нападение на частный дом в Новой Москве. Об этом Агентству городских новостей «Москва» сообщили в пресс-службе столичного главка МВД. В ночь на воскресенье, 15 мая, в полицию обратился житель деревни Пучково (Троицкий административный округ). Он рассказал, что к нему домой проникли четыре человека, которые, угрожая похожим на отвертку предметом, связали его и 58-летнюю женщину. На головы им надели тряпичные мешки. «После этого злоумышленники открыто похитили ювелирные украшения и скрылись», — рассказали в пресс-службе. Устанавливается сумма материального ущерба, ведется розыск преступников. В марте этого года в Иркутске мужчина пытался ограбить ломбард с помощью металлической трубки, примотанной скотчем к деревянной планке (получилось нечто похожее на обрез). Он пригрозил этим предметом продавцу, потребовал ценные вещи и деньги. Женщина успела воспользоваться кнопкой охранной сигнализации. На место прибыл наряд ЧОП. Охранники обезвредили грабителя и передали его полиции.",neutral,0.45,
270,"В ночь на понедельник на 90-м году жизни скончался выдающийся русский писатель, лауреат Нобелевской премии по литературе, Александр Исаевич Солженицын, сообщает ""Интерфакс"" со ссылкой на источники в литературных кругах. Как передает ИТАР-ТАСС со ссылкой на сына Солженицына Степана, причиной смерти писателя стала острая сердечная недостаточность. Он также уточнил, что смерть наступила в 23:45 по московскому времени. Соболезнования в связи с кончиной писателя его супруге и сыновьям выразил президент России Дмитрий Медведев. Александр Исаевич Солженицын родился 11 декабря 1918 года в Кисловодске. В 1941 году окончил физико-математический факультет Ростовского университета. Одновременно с этим Солженицын обучался в Московском институте истории, философии и литературы (МИФЛИ). Во время Великой Отечественной войны был арестован за критику в адрес советской власти и, в частности, Сталина, и провел около восьми лет в лагере. Позднее, в феврале 1974 года, Солженицын за издание во Франции первого тома своего романа ""Архипелаг ГУЛАГ"", в котором он описал советскую систему массовых репрессий и произвола сталинских времен, был арестован, обвинен в государственной измене и решением ЦК КПСС лишен советского гражданства. Некоторое время Солженицын с семьей жил в Швейцарии, в Цюрихе, затем переехал в США, в штат Вермонт, где продолжал работу над запрещенным романом. С началом перестройки в СССР напечатали некоторые главы из романа ""Архипелаг ГУЛАГ"", а в августе 1990 года Солженицыну было возвращено советское гражданство. Спустя четыре года после этого писатель вернулся в Россию, где продолжил заниматься литературным трудом, а также вести активную общественную деятельность.",positive,0.45,
280,"Вице-премьер правительства России Илья Клебанов допускает возможность создания орбитальной частной космической станции, проект которой предложила компания MirCorp. Как сообщает ""Интерфакс"", Клебанов заявил во вторник, что, по его мнению, это вполне осуществимо с технической точки зрения, но ему ""непонятна финансовая часть проекта"". ""Если будут найдены необходимые ресурсы, то такая орбитальная станция может быть создана"", - сказал вице-премьер. При этом он подчеркнул, что реализация такого проекта никак не может быть связана с возможностью создания новой российской полномасштабной космической станции ""Мир-2"". Соглашение о создании первой в мире частной космической станции подписали РКК ""Энергия"" и корпорация MirCorp, о чем 4 сентября объявил глава последней Джеффри Манбер. По планам MirCorp, космическая мини-станция могла бы отправиться на орбиту уже в 2004 году. Ее стоимость, по самым приблизительным подсчетам, может составить около 70-100 миллионов долларов. Однако в Росавиакосмосе уже заявили, что рассматривают только ""целесообразные, экономически проработанные и финансово подкрепленные"" проекты, тогда как у MirCorp нет пока даже технического обоснования своей идеи.",negative,0.45,
290,"Окружной суд Иерусалима оставил петербургского священника Глеба Грозовского под стражей до завершения слушаний дела о его экстрадиции в Россию, сообщает 7 октября ТАСС. В зал суда Грозовский был доставлен в наручниках из тюрьмы города Хайфа на севере Израиля, где он содержится с момента ареста. Слушания об экстрадиции могут затянуться на два месяца. Кроме того, адвокат священника Евгений Кузнецов заявил, что защита подала жалобу на незаконные действия следователей. По мнению юристов, уголовное преследование Грозовского лишено законных оснований, а обвинения носят характер политических и религиозных гонений. Заседание по рассмотрению жалобы назначено на 17 октября. В России уголовное дело в отношении Грозовского было возбуждено в ноябре 2013 года. По версии следствия, в июне 2013 года во время пребывания в православном лагере «Филадельфия» на греческом острове Кос священник растлил девочек 9 и 12 лет. Суд заочно арестовал его и объявил в международный розыск. Сам Грозовский, находившийся в то время в Израиле, отказался вернуться на родину без гарантий сохранения свободы. Его задержали сотрудники израильского Интерпола 22 сентября по запросу российской Генпрокуратуры. До окончания расследования священника запретили в служении.",neutral,0.45,
300,"В среду в палате общин парламента Великобритании состоялось голосование по антитеррористическому законопроекту, предложенному премьер-министром страны Тони Блэром, сообщает АР. Напомним, что премьер предлагал расширить срок задержания под стражей людей, подозреваемых в террористической деятельности, до 90 дней без предъявления обвинений. В соответствии с действующим законодательством, срок задержания подозреваемых в данном случае составляет 14 дней. Парламентарии отклонили план Блэра. 322 депутата проголосовали против данной инициативы, 291 депутат поддержал премьера. Тем не менее законопроект был позже утвержден с некоторыми поправками. Парламентарии согласились расширить срок задержания подозреваемых до 28 дней. 323 депутата проголосовали за данную поправку, 290 высказались против. Следует отметить, что это первое поражение лейбористов, возглавляемых Тони Блэром, в парламенте с 1997 года. Наблюдатели уже назвали это голосование ""серьезным ударом"" по репутации Тони Блэра как премьер-министра и лидера Лейбористской партии.",positive,0.45,
310,"Лидер фракции КПРФ Геннадий Зюганов признался, что самостоятельно изучил ключевые положения политической программы нового президента США Дональда Трампа, так как на российском телевидении было мало информации об этом. Его слова приводит ТАСС во вторник, 7 февраля. «Там девять ключевых законов, семь очень жестких мер, связанных с защитой своего производства, и шесть мер по ужесточению борьбы с коррупцией. Я бы хотел, чтобы наша партия власти хотя бы глянула, а что предлагает сегодня, тем более, впереди возможность серьезных переговоров», — сказал он в ходе заседания Совета народно-патриотических сил в Москве. 25 января лидер КПРФ заявил, что Трамп показал себя на инаугурации революционным политиком. Зюганов также призвал российское руководство перечитать это обращение Трампа к трудовому народу США. Комментируя поражение на выборах кандидата от Демократической партии Хиллари Клинтон, Зюганов заявил, что ее команда торговала военными авантюрами и долларами. Трамп во время предвыборной борьбы за пост президента Соединенных Штатов обещал нормализовать российско-американские отношения, уничтожить исламский терроризм, оградить США от нелегальных мигрантов и уменьшить налоги.",negative,0.45,
320,"Госдума на пленарном заседании в пятницу приняла в третьем (окончательном) чтении поправки в закон ""Об ипотеке (залоге недвижимости)"", сообщает ""Интерфакс"". Отметим, что закон не распространяется на земли, находящиеся в государственной или муниципальной собственности. Согласно закону ""по договору об ипотеке могут быть заложены земельные участки, находящиеся в собственности граждан, их объединений, юридических лиц и предоставленные для садоводства, животноводства, индивидуального жилищного, дачного и гаражного строительства, земли сельскохозяйственных угодий из состава земель сельскохозяйственных организаций, крестьянских (фермерских) хозяйств, полевые и земельные участки личных подсобных хозяйств и земельные участки, занятые зданиями, строениями или сооружениями в размере, необходимом для их хозяйственного обслуживания (функционального обеспечения)"".",neutral,0.45,
330,"Директор московской школы, якобы отправлявшей учеников на митинги в поддержку ""Единой России"", уволился по собственному желанию. Об этом сообщает РИА Новости со ссылкой на администрацию школы. Ранее в СМИ появились сообщения, что учащихся школы номер 268 без ведома родителей вместо занятий повели на проправительственный митинг на Пушкинской площади 6 декабря. В департаменте образования Москвы обещали ""разобраться с ситуацией"". После этого глава департамента Исаак Калина провел встречу с директором школы Александром Нестеровым. Что обсуждалось в ходе встречи, неизвестно, однако после нее Нестеров написал заявление об уходе. Ранее в интервью ""Коммерсанту"" директор заявлял, что во время митинга в его школе был учебный день, и учащихся никуда не вывозили. Как отмечает РИА Новости, о том, что вместо занятий их отправляют на митинг, заявляли учащиеся нескольких московских образовательных учреждений, как школ, так и институтов. При этом в департаменте образования Москвы уверяли, что подобных инструкций руководителям учебных заведений никто не давал.",positive,0.45,
340,"Следственный комитет (СК) России объявил о раскрытии дела об убийстве в 2011 году главы подмосковного Сергиева Посада Евгения Душко. Об этом говорится в сообщении ведомства, поступившем в редакцию «Ленты.ру» в четверг, 6 июля. Установлено, что градоначальник стал жертвой банды, которую возглавлял Константин Пискарев, известный по прозвищу Костя Большой. В настоящее время 10 членов группировки, в том числе и ее лидер, арестованы. В зависимости от роли каждого они обвиняются в бандитизме, убийствах, похищении человека и незаконном обороте оружия (статьи 209, 105, 126 и 222 УК РФ). Банда была создана Пискаревым в 1999 году, а ее деятельность пресечена в 2016-м после задержания участников. Следователи выяснили, что за время существования группировки преступники совершили не менее 18 убийств в Москве и Московской области. Жертвами бандитов становились люди, вступавшие в конфликт с Костей Большим. Такая же ситуация, по данным ведомства, произошла и с Душко, из-за деятельности которого могли пострадать коммерческие интересы лидера ОПГ. «По указанию главаря преступной группировки один из ее участников Сергей Безруков собрал информацию о рабочем графике, маршрутах передвижения, автомобиле, месте проживания предполагаемой жертвы. Утром 22 августа 2011 года обвиняемые на автомобиле под управлением Безрукова прибыли к месту жительства Душко в Сергиевом Посаде. Дождавшись, когда глава городского поселения выйдет из дома и сядет в автомобиль, Константин Пискарев подошел к нему и произвел не менее 7 выстрелов из пистолета», — отмечается в сообщении СК. Там также добавили, что раскрыть банду не удавалось долгое время из-за того, что ее деятельность «характеризовалась устойчивостью, строгой дисциплиной, поддерживаемой ее лидером, тщательной подготовкой, планированием преступлений и конспирацией». Евгений Душко был избран на пост главы Сергиева Посада в апреле 2011 года. На момент смерти ему было 35 лет.",negative,0.45,
350,"Жертвами обстрела американскими крылатыми ракетами военного аэродрома Шайрат в сирийской провинции Хомс стали по меньшей мере четверо военнослужащих сирийских вооруженных сил. Об этом сообщает ТАСС со ссылкой на эфир телеканала Al Arabiya. По данным телеканала, в результате атаки практически полностью уничтожена инфраструктура военной базы. Официального подтверждения из Дамаска пока не поступало. Ранее сирийский военный источник заявлял, что в результате налета есть человеческие жертвы, однако их количество не уточнялось. В то же время губернатор провинции Хомс Таляль аль-Баррази заявил, что «по предварительным данным, пять человек погибли, семь пострадали», передает агентство со  ссылкой на телеканал Al Mayadeen. Он не исключил, что «американская агрессия была осуществлена по требованию саудовцев, катарцев и турок». В ночь на пятницу, 7 апреля, по приказу президента США Дональда Трампа был нанесен удар крылатыми ракетами по аэродрому Шайрат, который используется правительственными силами Сирии. Ранее Вашингтон обвинил Дамаск в применении отравляющих веществ в ходе воздушной атаки в провинции Идлиб 4 апреля, в результате которой погибли десятки человек. Сирийские власти отвергают эти обвинения.",neutral,0.45,
360,"Российская сторона официально проинформировала Киев о намерении ввести обязательную регистрацию для украинцев, прибывающих на территорию РФ на срок более трех суток. Об этом, как передает РИА Новости, сообщил глава пресс-службы МИД Украины Андрей Дещица. При этом он отметил, что Украина в случае, если российская сторона будет настаивать на введении изменений к существующим правилам безвизовых поездок, будет вынуждена применить аналогичные принципы регистрации российских граждан на Украине. То есть ввести обязательную регистрацию для россиян, прибывающих на Украину на срок более трех суток. В то же время, по мнению Дешицы, такие правила не будут способствовать свободе передвижения граждан двух государств. В настоящее время, добавил представитель украинского МИД, обращение российской стороны находится на рассмотрении украинских властей. В свою очередь в российском МИД напомнили, что, согласно новому миграционному законодательству России, вступившему в действие с 15 января 2007 года, учет по месту пребывания обязателен для всех иностранцев за исключением прибывших на срок не более трех дней. В связи с этим Москва предложила Киеву провести переговоры об изменениях существующей практики пребывания граждан двух стран и приведении ее в соответствие с законодательством России. В настоящее время сохраняется действие соглашения между Россией и Украиной, которое предусматривает, что граждане России и Украины могут находиться на территории друг друга без регистрации до 90 дней. При этом необходимо наличие миграционной карты с отметкой органа пограничного контроля.",positive,0.45,
370,"В четверг, 15 июня, в редакцию телекомпании НТВ позвонил неизвестный, представившийся сотрудником ФСБ России и одновременно почитателем НТВ. По его словам, в этот день Генеральная прокуратура России разослала во все аэропорты Москвы шифрограммы с указанием ""взять под контроль"" прибытие в столицу вице-президента холдинга ""Медиа-Мост"" Игоря Малашенко. Пока не ясно, что может означать это указание. Руководство телекомпании не исключает, что звонок был обыкновенной дезинформацией, которая должна была напугать Малашенко и удержать его от возращения на родину. Напомним, что накануне НТВ передало заявление Генпрокуратуры о том, что находящийся сейчас за границей вице-президент холдинга ""Медиа-Мост"" Игорь Малашенко будет арестован погранслужбой, как только пересечет границу России.",negative,0.45,
380,"Суд над участницей неонацистской группировки «Национал-социалистическое подполье» (NSU)  Беате Чепе (Beate Zschaepe) перенесен на 6 мая, сообщает Reuters со ссылкой на решение мюнхенского суда. Процесс, который должен был начаться 17 апреля, отложили из-за необходимости аккредитовать иностранных журналистов, в первую очередь, турецких. Изначально мюнхенский суд выделил журналистам 50 мест, но ни одно из них не досталось туркам. В итоге турецкое издание «Сабах», пишет Die Welt, пожаловалось в конституционный суд Германии. Конституционный суд в итоге постановил, что процесс аккредитации журналистов нужно провести заново. Беате Чепе обвиняется в убийстве 10 человек, в том числе 8 турок. По данным следствия, NSU действовала разных частях Германии с 1998 по 2011 год, а убийства совершались в 2006-2007 годах. Среди жертв банды — восемь турок, один грек и одна немецкая женщина-полицейский. В 2011 году группировку удалось раскрыть из-за неудавшегося ограбления банка, которое попытались осуществить два члена банды Уве Мундлос (Uwe Mundlos) и Уве Бенхардт (Uwe Boehnhardt). Скрываясь от полиции, они покончили с собой. Беате Чепе находится под стражей. Ей грозит пожизненное заключение. Помимо Чепе, перед судом предстанут еще несколько членов NSU.",neutral,0.45,
390,"Тренерский штаб сборной США по хоккею вызвал вратаря клуба НХЛ ""Детройт Ред Уингс"" Джимми Ховарда для участия в чемпионате мира 2010 года. Об этом пишет издание USA Today. Пока неизвестно, согласился ли Ховард помочь национальной команде. В регулярном чемпионате НХЛ сезона-2009/10 26-летний Ховард провел 63 матча. С ним ""Детройт"" одержал 37 побед. Ховард отбил 92,4 процента бросков, пропуская по 2,26 шайбы в среднем за игру. В 12 матчах плей-офф Ховард отбил 91,5 процента бросков, пропуская по 2,75 гола в среднем за игру. Вратарь ""Детройта"" стал одним из лучших голкиперов лиги по статистическим показателям и попал в число номинантов на приз лучшему новичку НХЛ. Если Ховард согласится прибыть в расположение национальной команды, он существенно усилит вратарскую линию сборной США. В настоящее время основным вратарем американской команды является Скотт Клемменсен, который в своем клубе ""Флорида Пантерс"" является запасным голкипером. Сборная США начала чемпионат мира по хоккею с поражения от команды Германии. Американцы проиграли в овертайме со счетом 1:2. 10 мая сборная США сыграет с Данией, а 12 мая - с Финляндией.",positive,0.45,
400,"Американская панк-группа Anti-Flag записала кавер-версию композиции ""Богородица, Путина прогони"" группы Pussy Riot. Англоязычный трек под названием ""Virgin Mary, redeem us of Putin"", выложен группой на сервисе SoundCloud. В соответствующем заявлении на своем официальном сайте Anti-Flag отмечают, что Pussy Riot ""воплощают в себе дух панк-рока"", а их преследование российскими властями является ""очевидной атакой на свободу мнений и артистического самовыражения"". В качестве помощи Pussy Riot Anti-Flag призвали своих сторонников распространять информацию об аресте участниц группы среди своих друзей, а также пожертвовать деньги в фонд Pussy Riot или присоединиться к петиции правозащитной организации Amnesty International об освобождении девушек. Напомним, в феврале 2012 года группа Pussy Riot исполнила композицию ""Богородица, Путина прогони"" в Храме Христа Спасителя в Москве. Акция вызвала широкие общественные дискуссии о допустимости подобных выступлений. Некоторые представители Русской православной церкви обвиняли Pussy Riot в глумлении над святынями, в то время как сами девушки заявляли, что их акция была лишь несогласием с позицией патриарха Кирилла, который вовлекает РПЦ ""в грязные предвыборные интриги"". В марте предполагаемые участницы группы Надежда Толоконникова, Мария Алехина и Екатерина Самуцевич были задержаны, впоследствии им были предъявлены обвинения по статье о хулиганстве, предусматривающей до семи лет тюрьмы. Участницы Pussy Riot были помещены под арест, который впоследствии был продлен до 24 июля. Группа Anti-Flag существует с 1988 года, и ее участники известны крайне левыми политическими взглядами. Тексты песен группы построены вокруг критики внешней политики правительства США, крупных корпораций и социальной несправедливости. К настоящему моменту дискография Anti-Flag насчитывает девять альбомов.",negative,0.45,
410,"Болгарский гроссмейстер Кирил Георгиев провел в Софии сеанс одновременной игры на 360 досках, установив тем самым мировой рекорд. Георгиев выиграл 284 встречи. Шесть игр гроссмейстер проиграл, еще 70 партий закончились вничью. Шахматный марафон продолжался 14 часов и восемь минут. Об этом сообщает AFP. Как отмечает агентство, среди соперников Георгиева были как дети, так и пенсионеры. По словам организаторов сеанса, чтобы рекорд был зафиксирован, Георгиеву требовалось набрать не менее 80 процентов очков. Гроссмейстер показал более высокий результат - 88,6 процента очков. Предыдущее достижение принадлежало американской шахматистке венгерского происхождения Жуже Полгар. В 2005 году она провела сеанс одновременной игры на 326 досках. Полгар одержала 309 побед, проиграла три встречи, а еще 14 игр свела вничью. Ожидается, что вскоре рекорд Георгиева, занимающего 99-е место в рейтинге ФИДЕ, будет официально внесен в Книгу рекордов Гиннесса.",neutral,0.45,
420,"Кинокомпания Paramount Pictures  и режиссер Мартин Скорсезе заключили соглашение о четырехлетнем сотрудничестве. Как сообщается на сайте Comingsoon.net со ссылкой на официальный пресс-релиз компании, по условиям сделки, Скорсезе будет руководить производственным процессом во всех медийных подразделениях компании, включая съемки полнометражных картин, изданием фильмов на DVD, заведовать цифровым контентом и курировать создание телевизионных программ. В свою очередь, Paramount получила право участвовать в финансировании и продвижении картин Скорсезе, которые он будет снимать для других киностудий в течение всего срока, указанного в контракте. ""Марти и я успешно сотрудничали и ранее, теперь же для нас большая честь пригласить его в семью Paramount, - заявил глава кинокомпании Брэд Грей, объявляя о заключении договора. Грей являлся продюсером последнего фильма Скорсезе ""Отступники"", который собрал в мировом прокате за пять недель более 150 миллионов долларов. Напомним, что ранее руководство Paramount разорвало аналогичный 14-летний контракт с компанией Тома Круза и Полы Вагнер. Причиной разрыва называлось неподобающее поведение Круза, слишком большие накладные расходы по контракту и не впечатляющие прокатные результаты фильмов с участием главного сайентолога Голливуда.",positive,0.45,
430,"Таллинская Мустамяэская гимназия принесла извинения послу РФ в Эстонии Николаю Успенскому в связи с заявлением, сделанным учеником этой гимназии Сергеем Метлевым от имени Ассамблеи ученических представительств, сообщает ""Интерфакс"". Заявление Сергея Метлева стало ответом на интервью Николая Успенского российской газете ""Трибуна"", в котором посол РФ назвал работу Языковой инспекции в Эстонии ""предлогом для 'кадровых чисток' среди педагогов"". Сама же инспекция, по мнению Успенского, является репрессивным государственным органом, направленным на принудительное освоение эстонского языка русскоязычным меньшинством. В своем ""ответе"" Сергей Метлев назвал высказывания российского посла ""неуместными и в некотором роде провокационными заявлениями"". Ученическое самоуправление, председателем которого являлся Сергей Метлев, сняло его с должности и исключило из состава самоуправления. Заявление Метлева представители гимназии просят расценивать как частное мнение, не отражающее точку зрения администрации и педагогов самого учебного заведения.",negative,0.45,
440,"Правительство Украины поддержало предложение президента Виктора Ющенко о назначении Владимира Огрызко исполняющим обязанности министра иностранных дел. Как передает ""УНИАН"", открывая в среду заседание кабинета министров, премьер Виктор Янукович распорядился подготовить постановление кабмина о назначении Огрызко. ""Сегодня поступило письмо от президента по поводу согласования кандидатуры господина Огрызко на должность исполняющего обязанности министра иностранных дел. Я считаю, что фактически он уже около месяца выполняет обязанности, и мы поддержим это предложение"", - сказал Янукович. Он также поручил временному главе МИД подготовить встречу украинского руководства с тройкой Евросоюза, которая запланирована на 6 февраля. Между тем, как заявил лидер парламентской фракции Соцпартии Иван Бокий, антикризисная коалиция в Верховной Раде считает наиболее приемлемым кандидатом на пост главы МИД заместителя главы секретариата президента Александра Чалого. ""Я думаю, что президент может подать кандидатуру Чалого, и она будет поддержана в сессионном зале"", - сообщил депутат. При этом он не исключил появления других кандидатур. Как известно, также среди возможных преемников бывшего главы МИД Бориса Тарасюка эксперты называют также первого зампредседателя секретариата президента Арсения Яценюка. Вместе с тем Бокий полностью исключил возможность выдвижения на пост министра иностранных дел Петра Порошенко из ""Нашей Украины"". За него, убежден парламентарий, Рада никогда не проголосует. Напомним, что 1 декабря Верховная Рада отправила в отставку главу МИД Бориса Тарасюка, входившего в правительство по квоте президента. Однако он не подчинился решению депутатов, а 5 декабря Виктор Ющенко подписал указ, в соответствии с которым Тарасюк и дальше должен был исполнять обязанности министра. Постановление Рады было приостановлено решением Шевченковского районного суда Украины, однако это решение, в свою очередь, в начале января 2007 года отменил Апелляционный суд Киева. Накануне Тарасюк сам подал в отставку.",neutral,0.45,
450,"Высокопоставленный сотрудник министерства внутренних дел Израиля арестован по подозрению в том, что он помог получить израильские визы десяткам людей, разыскиваемым за различные преступления. Как сообщается на сайте газеты Haaretz, в их числе несколько человек, имена которых связывают с российской организованной преступностью. Арестованному, как ожидается, будут предъявлены обвинения во взяточничестве, мошенничестве, подлоге и злоупотреблении доверием. Помимо сотрудника министерства внутренних дел, имя которого не называется, были арестованы три его предполагаемых подельника. Уточняется, что эти люди не работают в ведомстве. Задержание подозреваемых стало результатом расследования, которое продолжалось более месяца.",positive,0.45,
460,"Как показало ежегодное медицинское обследование президента США Джорджа Буша, он находится в замечательной физической форме для своего возраста, передает агентство Associated Press. Диспансеризация президента прошла в Национальном медицинском центре ВМФ в Мэриленде и длилась около четырех часов. Буша обследовали дерматолог, отоларинголог, окулист, кардиолог и специалист по спортивной медицине. ""Мы нашли, что президент способен выполнять свои обязанности, и ожидаем, что он и далее будет способен работать до конца своего президентсткого срока"", - говорится в заключении врачей. Как признался пресс-секретарь Буша Тони Сноу журналистам, ""он здоровее нас всех"". В состоянии покоя пульс Буша составляет 46 ударов в минуту, после 26 минут на беговой дорожке - 179 ударов в минуту. У него слегка испортилось зрение, отметили врачи, и незначительно повысился уровень холестерина в крови. Специалисты также указали, что за год глава Белого дома потолстел на два килограмма, а объем жировых отложений увеличился на 1 процент. ""Вероятно, я съел слишком много тортов на день рождения"", - пояснил американский президент, по всей видимости имея в виду несколько приемов по случаю своего 60-летия. Кроме того, Буш стал почти на полсантиметра ниже. С помощью жидкого азота врачи удалили с левой руки президента ""небольшую актиническую кератому"" повышенного канцерогенного риска. Бушу посоветовали на ярком солнце пользоваться защитным кремом и носить головной убор. После диспансеризации президент США встретился с 27 военнослужащими, проходящими лечение в медицинском центре, и наградил некоторых из них орденом Пурпурное сердце, добавляет агентство.",negative,0.45,
470,"Отель в Мюнхене получил кожаную папку для бумаг, которая 40 лет назад была похищена из номера, пишет The Local. Оказалось, что похититель чехла, предназначенного для хранения бумаг, конвертов и визитных карточек, испытывал угрызения совести из-за своего поступка, и в конце концов решил вернуть украденное. Похитителем папки оказался житель американского штата Кентукки. О своем поступке он сообщил в записке, которую он приложил к возвращенному в отель чехлу для бумаг. В письме он принес извинения за правонарушение и оставил свой обратный адрес (имя похитителя папки не называется). По словам сотрудников отеля, по адресу, указанному в записке, им не удалось установить номер телефона автора послания. Однако представители гостиницы надеются связаться с ним по почте и выяснить, что заставило его вернуть присвоенный чехол для бумаг.",neutral,0.45,
480,"Движение троллейбусов по Ленинскому и Ломоносовскому проспектам, прерванное утром 8 февраля из-за обрыва проводов, восстановлено. Об этом сообщает РИА Новости со ссылкой на представителей ""Мосгортранса"". По словам собеседника агентства, троллейбусы не ходили на протяжении примерно 40 минут: с 7:10 до 7:50. На время сбоев по этим маршрутам были пущены дополнительные автобусы. Неполадки, как сообщалось ранее, в частности коснулись троллейбусов 33-го, 62-го и 84-го маршрутов, следовавших по Ленинскому проспекту в сторону МКАД. На место происшествия сразу была направлена аварийная бригада ""Мосгортранса"". Что стало причиной обрыва, не уточняется.",positive,0.45,
490,"Крупнейший медиаселлер российского интернета, компания IMHO VI, принадлежащая ""Видео Интернешнл"",  подписала контракт с РБК о продаже рекламы на сайтах этого медиа-ресурса. Как говорится в пресс-релизе IMHO VI, сотрудничество компаний начнется с 15 февраля 2011 года. Подробности контракта не разглашаются. IMHO VI получила контракты на размещение баннеров в первом экране на восьми порталах: РБК, ""РБК daily"", Ytro.Ru, AutoNews, Quote.Ru, ""Бизнес-стиль"", Tata.Ru и Cnews. Ранее IMHO VI заключило контракты с другими крупными российскими сайтами, в частности поисковиками ""Яндекс"" и Rambler. Кроме того, компании принадлежат контрольные пакеты в рекламном агентстве Index20 и службе размещения контекстной рекламы  ""Блондинка.Ру"".",negative,0.45,
